zone,investment_priority_score,investment_priority,investment_type,recommended_action,estimated_investment_amount,expected_roi_percent,expected_payback_months,investment_timeline,risk_level,risk_factors,key_performance_indicators,success_metrics,required_resources,growth_category,current_metrics
Udyog Bhawan,71.18181818181819,High Priority,Moderate Growth Investment,Moderate growth - maintain current operations with minor optimizations,50000,481.04534482758635,2.4945673269743365,Short-term (3-6 months),High Risk,Low market share,Ride volume; Revenue growth; Customer satisfaction,Sustained growth rate >15%; Increased driver supply by 25%; Reduced customer wait time by 20%,Additional drivers; Marketing budget; Management oversight,Medium Growth,"{'growth_index': 79.54366365405305, 'volume_index': 88.30347734457324, 'revenue': 396478.0, 'market_share': 0.5586666666666666}"
Sarojini Nagar,71.18181818181819,High Priority,Moderate Growth Investment,Moderate growth - maintain current operations with minor optimizations,50000,538.9290636363637,2.226638125439244,Short-term (3-6 months),High Risk,Low market share,Ride volume; Revenue growth; Customer satisfaction,Sustained growth rate >15%; Increased driver supply by 25%; Reduced customer wait time by 20%,Additional drivers; Marketing budget; Management oversight,Medium Growth,"{'growth_index': 76.53468993193414, 'volume_index': 89.35721812434141, 'revenue': 411007.0, 'market_share': 0.5653333333333334}"
Paschim Vihar,71.18181818181819,High Priority,Moderate Growth Investment,Moderate growth - maintain current operations with minor optimizations,50000,501.32995999999997,2.3936331273718414,Short-term (3-6 months),High Risk,Low market share,Ride volume; Revenue growth; Customer satisfaction,Sustained growth rate >15%; Increased driver supply by 25%; Reduced customer wait time by 20%,Additional drivers; Marketing budget; Management oversight,Medium Growth,"{'growth_index': 76.52037199643466, 'volume_index': 86.9336143308746, 'revenue': 390474.0, 'market_share': 0.5499999999999999}"
Kadarpur,69.81818181818181,Medium-High Priority,Moderate Growth Investment,Moderate growth - maintain current operations with minor optimizations,50000,435.8471315789474,2.7532589136304484,Short-term (3-6 months),High Risk,Low market share; Inconsistent growth,Ride volume; Revenue growth; Customer satisfaction,Sustained growth rate >15%; Increased driver supply by 25%; Reduced customer wait time by 20%,Additional drivers; Marketing budget; Management oversight,Medium Growth,"{'growth_index': 76.13571767725058, 'volume_index': 88.93572181243414, 'revenue': 409977.0, 'market_share': 0.5626666666666666}"
Azadpur,72.54545454545455,High Priority,Moderate Growth Investment,Moderate growth - maintain current operations with minor optimizations,50000,211.50585714285705,5.673601744227282,Short-term (3-6 months),Medium Risk,Low market share,Ride volume; Revenue growth; Customer satisfaction,Sustained growth rate >15%; Increased driver supply by 25%; Reduced customer wait time by 20%,Additional drivers; Marketing budget; Management oversight,Medium Growth,"{'growth_index': 74.90592922397222, 'volume_index': 89.2518440463646, 'revenue': 396462.0, 'market_share': 0.5646666666666667}"
Nehru Place,69.81818181818181,Medium-High Priority,Moderate Growth Investment,Moderate growth - maintain current operations with minor optimizations,50000,493.03268253968236,2.433915727084515,Short-term (3-6 months),High Risk,Low market share; Inconsistent growth,Ride volume; Revenue growth; Customer satisfaction,Sustained growth rate >15%; Increased driver supply by 25%; Reduced customer wait time by 20%,Additional drivers; Marketing budget; Management oversight,Medium Growth,"{'growth_index': 74.87896030594777, 'volume_index': 93.25605900948368, 'revenue': 417442.0, 'market_share': 0.59}"
Central Secretariat,69.81818181818181,Medium-High Priority,Moderate Growth Investment,Moderate growth - maintain current operations with minor optimizations,50000,370.48912307692297,3.238961484304762,Short-term (3-6 months),High Risk,Low market share; Inconsistent growth,Ride volume; Revenue growth; Customer satisfaction,Sustained growth rate >15%; Increased driver supply by 25%; Reduced customer wait time by 20%,Additional drivers; Marketing budget; Management oversight,Medium Growth,"{'growth_index': 73.90662027843588, 'volume_index': 88.40885142255004, 'revenue': 399762.0, 'market_share': 0.5593333333333333}"
Rajiv Nagar,72.54545454545455,High Priority,Moderate Growth Investment,Moderate growth - maintain current operations with minor optimizations,50000,265.86666666666673,4.513540621865596,Short-term (3-6 months),Medium Risk,Low market share,Ride volume; Revenue growth; Customer satisfaction,Sustained growth rate >15%; Increased driver supply by 25%; Reduced customer wait time by 20%,Additional drivers; Marketing budget; Management oversight,Medium Growth,"{'growth_index': 72.30319676367047, 'volume_index': 93.15068493150685, 'revenue': 411600.0, 'market_share': 0.5893333333333334}"
Hauz Rani,72.54545454545455,High Priority,Moderate Growth Investment,Moderate growth - maintain current operations with minor optimizations,50000,224.55513636363648,5.343899139571509,Short-term (3-6 months),High Risk,High growth volatility; Low market share,Ride volume; Revenue growth; Customer satisfaction,Sustained growth rate >15%; Increased driver supply by 25%; Reduced customer wait time by 20%,Additional drivers; Marketing budget; Management oversight,Medium Growth,"{'growth_index': 72.27547837951641, 'volume_index': 89.56796628029505, 'revenue': 404163.0, 'market_share': 0.5666666666666667}"
Saket,71.18181818181819,High Priority,Moderate Growth Investment,Moderate growth - maintain current operations with minor optimizations,50000,349.547153846154,3.4330132195216083,Short-term (3-6 months),Medium Risk,Low market share,Ride volume; Revenue growth; Customer satisfaction,Sustained growth rate >15%; Increased driver supply by 25%; Reduced customer wait time by 20%,Additional drivers; Marketing budget; Management oversight,Medium Growth,"{'growth_index': 72.26220512902299, 'volume_index': 98.10326659641728, 'revenue': 422466.0, 'market_share': 0.6206666666666667}"
Panchsheel Park,71.18181818181819,High Priority,Moderate Growth Investment,Moderate growth - maintain current operations with minor optimizations,50000,317.07410655737715,3.784604214544559,Short-term (3-6 months),High Risk,Low market share,Ride volume; Revenue growth; Customer satisfaction,Sustained growth rate >15%; Increased driver supply by 25%; Reduced customer wait time by 20%,Additional drivers; Marketing budget; Management oversight,Medium Growth,"{'growth_index': 70.31793989562001, 'volume_index': 92.3076923076923, 'revenue': 420521.0, 'market_share': 0.584}"
Sadar Bazar Gurgaon,69.81818181818181,Medium-High Priority,Moderate Growth Investment,Moderate growth - maintain current operations with minor optimizations,50000,442.80502830188675,2.7099963263784077,Short-term (3-6 months),High Risk,Low market share; Inconsistent growth,Ride volume; Revenue growth; Customer satisfaction,Sustained growth rate >15%; Increased driver supply by 25%; Reduced customer wait time by 20%,Additional drivers; Marketing budget; Management oversight,Medium Growth,"{'growth_index': 70.08308189460628, 'volume_index': 86.09062170706007, 'revenue': 376061.0, 'market_share': 0.5446666666666666}"
Pataudi Chowk,71.18181818181819,High Priority,Moderate Growth Investment,Moderate growth - maintain current operations with minor optimizations,50000,232.98132835820877,5.1506273419258735,Short-term (3-6 months),Medium Risk,Low market share,Ride volume; Revenue growth; Customer satisfaction,Sustained growth rate >15%; Increased driver supply by 25%; Reduced customer wait time by 20%,Additional drivers; Marketing budget; Management oversight,Medium Growth,"{'growth_index': 69.59635968319039, 'volume_index': 95.57428872497366, 'revenue': 450702.0, 'market_share': 0.6046666666666667}"
DLF City Court,71.18181818181819,High Priority,Moderate Growth Investment,Moderate growth - maintain current operations with minor optimizations,50000,181.40806338028167,6.614920955770675,Short-term (3-6 months),Medium Risk,Low market share,Ride volume; Revenue growth; Customer satisfaction,Sustained growth rate >15%; Increased driver supply by 25%; Reduced customer wait time by 20%,Additional drivers; Marketing budget; Management oversight,Medium Growth,"{'growth_index': 69.2615878571214, 'volume_index': 91.04320337197048, 'revenue': 420631.0, 'market_share': 0.5760000000000001}"
Manesar,71.18181818181819,High Priority,Moderate Growth Investment,Moderate growth - maintain current operations with minor optimizations,50000,323.8291212121211,3.7056580813618414,Short-term (3-6 months),High Risk,Low market share,Ride volume; Revenue growth; Customer satisfaction,Sustained growth rate >15%; Increased driver supply by 25%; Reduced customer wait time by 20%,Additional drivers; Marketing budget; Management oversight,Medium Growth,"{'growth_index': 69.20757084028668, 'volume_index': 86.82824025289779, 'revenue': 393982.0, 'market_share': 0.5493333333333333}"
Qutub Minar,72.54545454545455,High Priority,Moderate Growth Investment,Moderate growth - maintain current operations with minor optimizations,50000,231.84436507936522,5.175885985364427,Short-term (3-6 months),High Risk,Low market share,Ride volume; Revenue growth; Customer satisfaction,Sustained growth rate >15%; Increased driver supply by 25%; Reduced customer wait time by 20%,Additional drivers; Marketing budget; Management oversight,Medium Growth,"{'growth_index': 69.12540857262805, 'volume_index': 86.72286617492097, 'revenue': 390770.0, 'market_share': 0.5486666666666666}"
IIT Delhi,72.54545454545455,High Priority,Moderate Growth Investment,Moderate growth - maintain current operations with minor optimizations,50000,135.10081506849315,8.882255813124639,Short-term (3-6 months),Medium Risk,Low market share,Ride volume; Revenue growth; Customer satisfaction,Sustained growth rate >15%; Increased driver supply by 25%; Reduced customer wait time by 20%,Additional drivers; Marketing budget; Management oversight,Medium Growth,"{'growth_index': 68.93837576184214, 'volume_index': 87.03898840885142, 'revenue': 385671.0, 'market_share': 0.5506666666666666}"
Rohini East,69.81818181818181,Medium-High Priority,Moderate Growth Investment,Moderate growth - maintain current operations with minor optimizations,50000,285.808,4.198622851704641,Short-term (3-6 months),High Risk,Low market share; Inconsistent growth,Ride volume; Revenue growth; Customer satisfaction,Sustained growth rate >15%; Increased driver supply by 25%; Reduced customer wait time by 20%,Additional drivers; Marketing budget; Management oversight,Medium Growth,"{'growth_index': 68.8910383417962, 'volume_index': 91.25395152792412, 'revenue': 409921.0, 'market_share': 0.5773333333333334}"
Malviya Nagar,69.81818181818181,Medium-High Priority,Moderate Growth Investment,Moderate growth - maintain current operations with minor optimizations,50000,430.94264285714274,2.784593309318427,Short-term (3-6 months),High Risk,Low market share; Inconsistent growth,Ride volume; Revenue growth; Customer satisfaction,Sustained growth rate >15%; Increased driver supply by 25%; Reduced customer wait time by 20%,Additional drivers; Marketing budget; Management oversight,Medium Growth,"{'growth_index': 68.78670100846624, 'volume_index': 93.25605900948368, 'revenue': 420747.0, 'market_share': 0.59}"
Uttam Nagar,71.18181818181819,High Priority,Moderate Growth Investment,Moderate growth - maintain current operations with minor optimizations,50000,240.11986666666672,4.997504024378934,Short-term (3-6 months),High Risk,Low market share,Ride volume; Revenue growth; Customer satisfaction,Sustained growth rate >15%; Increased driver supply by 25%; Reduced customer wait time by 20%,Additional drivers; Marketing budget; Management oversight,Medium Growth,"{'growth_index': 68.6190192724104, 'volume_index': 86.9336143308746, 'revenue': 392446.0, 'market_share': 0.5499999999999999}"
Gwal Pahari,71.18181818181819,High Priority,Moderate Growth Investment,Moderate growth - maintain current operations with minor optimizations,50000,173.8248484848484,6.90350091175025,Short-term (3-6 months),High Risk,Low market share,Ride volume; Revenue growth; Customer satisfaction,Sustained growth rate >15%; Increased driver supply by 25%; Reduced customer wait time by 20%,Additional drivers; Marketing budget; Management oversight,Medium Growth,"{'growth_index': 68.56657375324357, 'volume_index': 85.87987355110643, 'revenue': 384520.0, 'market_share': 0.5433333333333333}"
Rajouri Garden,72.54545454545455,High Priority,Moderate Growth Investment,Moderate growth - maintain current operations with minor optimizations,50000,113.63368000000006,10.56024939084961,Short-term (3-6 months),Medium Risk,Low market share; Negative recent growth,Ride volume; Revenue growth; Customer satisfaction,Sustained growth rate >15%; Increased driver supply by 25%; Reduced customer wait time by 20%,Additional drivers; Marketing budget; Management oversight,Medium Growth,"{'growth_index': 68.47982361692235, 'volume_index': 89.77871443624869, 'revenue': 410834.0, 'market_share': 0.5680000000000001}"
Munirka,69.81818181818181,Medium-High Priority,Moderate Growth Investment,Moderate growth - maintain current operations with minor optimizations,50000,105.39580769230763,11.385652107750607,Short-term (3-6 months),High Risk,Low market share; Inconsistent growth,Ride volume; Revenue growth; Customer satisfaction,Sustained growth rate >15%; Increased driver supply by 25%; Reduced customer wait time by 20%,Additional drivers; Marketing budget; Management oversight,Medium Growth,"{'growth_index': 68.17471585079382, 'volume_index': 85.87987355110643, 'revenue': 390753.0, 'market_share': 0.5433333333333333}"
Ardee City,71.18181818181819,High Priority,Moderate Growth Investment,Moderate growth - maintain current operations with minor optimizations,50000,241.36416666666673,4.971740488956865,Short-term (3-6 months),Medium Risk,Low market share,Ride volume; Revenue growth; Customer satisfaction,Sustained growth rate >15%; Increased driver supply by 25%; Reduced customer wait time by 20%,Additional drivers; Marketing budget; Management oversight,Medium Growth,"{'growth_index': 67.84503419097287, 'volume_index': 90.72708113804003, 'revenue': 409637.0, 'market_share': 0.5740000000000001}"
Paharganj,69.81818181818181,Medium-High Priority,Moderate Growth Investment,Moderate growth - maintain current operations with minor optimizations,50000,197.22047945205472,6.084560808968756,Short-term (3-6 months),High Risk,Low market share; Inconsistent growth,Ride volume; Revenue growth; Customer satisfaction,Sustained growth rate >15%; Increased driver supply by 25%; Reduced customer wait time by 20%,Additional drivers; Marketing budget; Management oversight,Medium Growth,"{'growth_index': 67.82973558617678, 'volume_index': 86.9336143308746, 'revenue': 413278.0, 'market_share': 0.5499999999999999}"
Satguru Ram Singh Marg,71.18181818181819,High Priority,Moderate Growth Investment,Moderate growth - maintain current operations with minor optimizations,50000,199.21691176470603,6.0235849927104255,Short-term (3-6 months),Medium Risk,Low market share,Ride volume; Revenue growth; Customer satisfaction,Sustained growth rate >15%; Increased driver supply by 25%; Reduced customer wait time by 20%,Additional drivers; Marketing budget; Management oversight,Medium Growth,"{'growth_index': 67.71453683981852, 'volume_index': 88.93572181243414, 'revenue': 406935.0, 'market_share': 0.5626666666666666}"
Welcome,71.18181818181819,High Priority,Moderate Growth Investment,Moderate growth - maintain current operations with minor optimizations,50000,149.949161971831,8.002712280749048,Short-term (3-6 months),Medium Risk,Low market share,Ride volume; Revenue growth; Customer satisfaction,Sustained growth rate >15%; Increased driver supply by 25%; Reduced customer wait time by 20%,Additional drivers; Marketing budget; Management oversight,Medium Growth,"{'growth_index': 67.62326524197111, 'volume_index': 88.0927291886196, 'revenue': 407963.0, 'market_share': 0.5573333333333332}"
ITO,71.18181818181819,High Priority,Moderate Growth Investment,Moderate growth - maintain current operations with minor optimizations,50000,331.59807377049185,3.618838874288977,Short-term (3-6 months),Medium Risk,Low market share,Ride volume; Revenue growth; Customer satisfaction,Sustained growth rate >15%; Increased driver supply by 25%; Reduced customer wait time by 20%,Additional drivers; Marketing budget; Management oversight,Medium Growth,"{'growth_index': 67.48554381010207, 'volume_index': 92.51844046364594, 'revenue': 435165.0, 'market_share': 0.5853333333333334}"
Pitampura,69.81818181818181,Medium-High Priority,Moderate Growth Investment,Moderate growth - maintain current operations with minor optimizations,50000,346.07706896551724,3.4674357465722956,Short-term (3-6 months),High Risk,Low market share; Inconsistent growth,Ride volume; Revenue growth; Customer satisfaction,Sustained growth rate >15%; Increased driver supply by 25%; Reduced customer wait time by 20%,Additional drivers; Marketing budget; Management oversight,Medium Growth,"{'growth_index': 67.44249230536943, 'volume_index': 89.67334035827187, 'revenue': 398038.0, 'market_share': 0.5673333333333334}"
Rohini,72.54545454545455,High Priority,Moderate Growth Investment,Moderate growth - maintain current operations with minor optimizations,50000,181.95432835820898,6.595061578516504,Short-term (3-6 months),High Risk,High growth volatility; Low market share,Ride volume; Revenue growth; Customer satisfaction,Sustained growth rate >15%; Increased driver supply by 25%; Reduced customer wait time by 20%,Additional drivers; Marketing budget; Management oversight,Medium Growth,"{'growth_index': 67.3186794094573, 'volume_index': 89.2518440463646, 'revenue': 397704.0, 'market_share': 0.5646666666666667}"
Sushant Lok,69.81818181818181,Medium-High Priority,Moderate Growth Investment,Moderate growth - maintain current operations with minor optimizations,50000,365.7765,3.2806918979212716,Short-term (3-6 months),High Risk,Low market share; Inconsistent growth,Ride volume; Revenue growth; Customer satisfaction,Sustained growth rate >15%; Increased driver supply by 25%; Reduced customer wait time by 20%,Additional drivers; Marketing budget; Management oversight,Medium Growth,"{'growth_index': 67.20500760659458, 'volume_index': 89.56796628029505, 'revenue': 399237.0, 'market_share': 0.5666666666666667}"
Jahangirpuri,71.18181818181819,High Priority,Moderate Growth Investment,Moderate growth - maintain current operations with minor optimizations,50000,182.23897887323957,6.584760337329847,Short-term (3-6 months),Medium Risk,Low market share,Ride volume; Revenue growth; Customer satisfaction,Sustained growth rate >15%; Increased driver supply by 25%; Reduced customer wait time by 20%,Additional drivers; Marketing budget; Management oversight,Medium Growth,"{'growth_index': 67.10184181505463, 'volume_index': 93.15068493150685, 'revenue': 421873.0, 'market_share': 0.5893333333333334}"
Rohini West,71.18181818181819,High Priority,Moderate Growth Investment,Moderate growth - maintain current operations with minor optimizations,50000,204.9801470588236,5.854225480946862,Short-term (3-6 months),Medium Risk,Low market share,Ride volume; Revenue growth; Customer satisfaction,Sustained growth rate >15%; Increased driver supply by 25%; Reduced customer wait time by 20%,Additional drivers; Marketing budget; Management oversight,Medium Growth,"{'growth_index': 66.4529631083034, 'volume_index': 87.98735511064278, 'revenue': 414773.0, 'market_share': 0.5566666666666666}"
Mehrauli,69.81818181818181,Medium-High Priority,Moderate Growth Investment,Moderate growth - maintain current operations with minor optimizations,50000,119.85495999999995,10.012101293096261,Short-term (3-6 months),High Risk,Low market share; Inconsistent growth; Negative recent growth,Ride volume; Revenue growth; Customer satisfaction,Sustained growth rate >15%; Increased driver supply by 25%; Reduced customer wait time by 20%,Additional drivers; Marketing budget; Management oversight,Medium Growth,"{'growth_index': 66.40122846050467, 'volume_index': 96.4172813487882, 'revenue': 422798.0, 'market_share': 0.61}"
Ashok Park Main,69.81818181818181,Medium-High Priority,Moderate Growth Investment,Moderate growth - maintain current operations with minor optimizations,50000,371.03210000000007,3.234221513448566,Short-term (3-6 months),High Risk,High growth volatility; Low market share; Inconsistent growth,Ride volume; Revenue growth; Customer satisfaction,Sustained growth rate >15%; Increased driver supply by 25%; Reduced customer wait time by 20%,Additional drivers; Marketing budget; Management oversight,Medium Growth,"{'growth_index': 66.35953780669577, 'volume_index': 93.15068493150685, 'revenue': 428211.0, 'market_share': 0.5893333333333334}"
Hauz Khas,71.18181818181819,High Priority,Moderate Growth Investment,Moderate growth - maintain current operations with minor optimizations,50000,175.51965384615374,6.836841195298975,Short-term (3-6 months),Medium Risk,Low market share,Ride volume; Revenue growth; Customer satisfaction,Sustained growth rate >15%; Increased driver supply by 25%; Reduced customer wait time by 20%,Additional drivers; Marketing budget; Management oversight,Medium Growth,"{'growth_index': 66.07937405336219, 'volume_index': 92.3076923076923, 'revenue': 421383.0, 'market_share': 0.584}"
Sarai Kale Khan,71.18181818181819,High Priority,Moderate Growth Investment,Moderate growth - maintain current operations with minor optimizations,50000,166.7801944444445,7.195098938439764,Short-term (3-6 months),Medium Risk,Low market share,Ride volume; Revenue growth; Customer satisfaction,Sustained growth rate >15%; Increased driver supply by 25%; Reduced customer wait time by 20%,Additional drivers; Marketing budget; Management oversight,Medium Growth,"{'growth_index': 66.06406383565441, 'volume_index': 89.98946259220232, 'revenue': 417569.0, 'market_share': 0.5693333333333334}"
Bhikaji Cama Place,69.81818181818181,Medium-High Priority,Moderate Growth Investment,Moderate growth - maintain current operations with minor optimizations,50000,187.12143939393923,6.412947676581775,Short-term (3-6 months),High Risk,Low market share; Inconsistent growth,Ride volume; Revenue growth; Customer satisfaction,Sustained growth rate >15%; Increased driver supply by 25%; Reduced customer wait time by 20%,Additional drivers; Marketing budget; Management oversight,Medium Growth,"{'growth_index': 65.68779313010245, 'volume_index': 86.51211801896733, 'revenue': 386735.0, 'market_share': 0.5473333333333333}"
Govindpuri,72.54545454545455,High Priority,Moderate Growth Investment,Moderate growth - maintain current operations with minor optimizations,50000,193.4662631578946,6.202631820208559,Short-term (3-6 months),High Risk,Low market share,Ride volume; Revenue growth; Customer satisfaction,Sustained growth rate >15%; Increased driver supply by 25%; Reduced customer wait time by 20%,Additional drivers; Marketing budget; Management oversight,Medium Growth,"{'growth_index': 65.17120544258697, 'volume_index': 87.14436248682824, 'revenue': 384542.0, 'market_share': 0.5513333333333333}"
IFFCO Chowk,71.18181818181819,High Priority,Moderate Growth Investment,Moderate growth - maintain current operations with minor optimizations,50000,164.86136885245912,7.278842874790921,Short-term (3-6 months),Medium Risk,Low market share,Ride volume; Revenue growth; Customer satisfaction,Sustained growth rate >15%; Increased driver supply by 25%; Reduced customer wait time by 20%,Additional drivers; Marketing budget; Management oversight,Medium Growth,"{'growth_index': 65.10665104190109, 'volume_index': 87.46048472075869, 'revenue': 398927.0, 'market_share': 0.5533333333333333}"
Gurgaon Railway Station,69.81818181818181,Medium-High Priority,Moderate Growth Investment,Moderate growth - maintain current operations with minor optimizations,50000,122.05195999999997,9.831878160744001,Short-term (3-6 months),High Risk,Low market share; Inconsistent growth; Negative recent growth,Ride volume; Revenue growth; Customer satisfaction,Sustained growth rate >15%; Increased driver supply by 25%; Reduced customer wait time by 20%,Additional drivers; Marketing budget; Management oversight,Medium Growth,"{'growth_index': 65.00762323620076, 'volume_index': 92.3076923076923, 'revenue': 427023.0, 'market_share': 0.584}"
Panipat,71.18181818181819,High Priority,Moderate Growth Investment,Moderate growth - maintain current operations with minor optimizations,50000,150.04596478873236,7.997549295575016,Short-term (3-6 months),Medium Risk,Low market share,Ride volume; Revenue growth; Customer satisfaction,Sustained growth rate >15%; Increased driver supply by 25%; Reduced customer wait time by 20%,Additional drivers; Marketing budget; Management oversight,Medium Growth,"{'growth_index': 64.96421492127104, 'volume_index': 88.83034773445732, 'revenue': 408121.0, 'market_share': 0.562}"
Botanical Garden,71.18181818181819,High Priority,Moderate Growth Investment,Moderate growth - maintain current operations with minor optimizations,50000,127.49656521739135,9.412018260679483,Short-term (3-6 months),Medium Risk,Low market share,Ride volume; Revenue growth; Customer satisfaction,Sustained growth rate >15%; Increased driver supply by 25%; Reduced customer wait time by 20%,Additional drivers; Marketing budget; Management oversight,Medium Growth,"{'growth_index': 64.95009920291241, 'volume_index': 90.93782929399369, 'revenue': 430062.0, 'market_share': 0.5753333333333334}"
DLF Phase 3,71.18181818181819,High Priority,Moderate Growth Investment,Moderate growth - maintain current operations with minor optimizations,50000,179.60946478873234,6.681162384240238,Short-term (3-6 months),Medium Risk,Low market share,Ride volume; Revenue growth; Customer satisfaction,Sustained growth rate >15%; Increased driver supply by 25%; Reduced customer wait time by 20%,Additional drivers; Marketing budget; Management oversight,Medium Growth,"{'growth_index': 64.83905767333512, 'volume_index': 88.72497365648051, 'revenue': 401056.0, 'market_share': 0.5613333333333334}"
Mundka,68.45454545454545,Medium-High Priority,Moderate Growth Investment,Moderate growth - maintain current operations with minor optimizations,50000,269.9805555555555,4.444764540656221,Short-term (3-6 months),High Risk,Low market share; Inconsistent growth,Ride volume; Revenue growth; Customer satisfaction,Sustained growth rate >15%; Increased driver supply by 25%; Reduced customer wait time by 20%,Additional drivers; Marketing budget; Management oversight,Medium Growth,"{'growth_index': 64.75060306328999, 'volume_index': 87.46048472075869, 'revenue': 405370.0, 'market_share': 0.5533333333333333}"
Shastri Park,72.54545454545455,High Priority,Moderate Growth Investment,High volatility - implement risk mitigation strategies,50000,147.57504225352105,8.13145625219273,Short-term (3-6 months),High Risk,High growth volatility; Low market share,Ride volume; Revenue growth; Customer satisfaction,Sustained growth rate >15%; Increased driver supply by 25%; Reduced customer wait time by 20%,Additional drivers; Marketing budget; Management oversight,Medium Growth,"{'growth_index': 64.46292684271239, 'volume_index': 91.35932560590096, 'revenue': 404088.0, 'market_share': 0.5780000000000001}"
Saket A Block,72.54545454545455,High Priority,Moderate Growth Investment,Moderate growth - maintain current operations with minor optimizations,50000,177.45476923076924,6.762286554493626,Short-term (3-6 months),Medium Risk,Low market share,Ride volume; Revenue growth; Customer satisfaction,Sustained growth rate >15%; Increased driver supply by 25%; Reduced customer wait time by 20%,Additional drivers; Marketing budget; Management oversight,Medium Growth,"{'growth_index': 63.94889092818888, 'volume_index': 86.72286617492097, 'revenue': 387840.0, 'market_share': 0.5486666666666666}"
Karkarduma,69.81818181818181,Medium-High Priority,Moderate Growth Investment,Moderate growth - maintain current operations with minor optimizations,50000,104.50819999999996,11.482352580945804,Short-term (3-6 months),High Risk,Low market share; Inconsistent growth,Ride volume; Revenue growth; Customer satisfaction,Sustained growth rate >15%; Increased driver supply by 25%; Reduced customer wait time by 20%,Additional drivers; Marketing budget; Management oversight,Medium Growth,"{'growth_index': 63.76858675792255, 'volume_index': 88.0927291886196, 'revenue': 393285.0, 'market_share': 0.5573333333333332}"
Kaushambi,71.18181818181819,High Priority,Moderate Growth Investment,Moderate growth - maintain current operations with minor optimizations,50000,116.58312000000011,10.293085311149666,Short-term (3-6 months),High Risk,Low market share; Negative recent growth,Ride volume; Revenue growth; Customer satisfaction,Sustained growth rate >15%; Increased driver supply by 25%; Reduced customer wait time by 20%,Additional drivers; Marketing budget; Management oversight,Medium Growth,"{'growth_index': 63.713348489604925, 'volume_index': 90.09483667017912, 'revenue': 416506.0, 'market_share': 0.5700000000000001}"
Dwarka Mor,71.18181818181819,High Priority,Moderate Growth Investment,Moderate growth - maintain current operations with minor optimizations,50000,206.90225,5.799840262732764,Short-term (3-6 months),Medium Risk,Low market share,Ride volume; Revenue growth; Customer satisfaction,Sustained growth rate >15%; Increased driver supply by 25%; Reduced customer wait time by 20%,Additional drivers; Marketing budget; Management oversight,Medium Growth,"{'growth_index': 63.660665365406295, 'volume_index': 88.51422550052686, 'revenue': 409203.0, 'market_share': 0.5599999999999999}"
Adarsh Nagar,69.81818181818181,Medium-High Priority,Moderate Growth Investment,Moderate growth - maintain current operations with minor optimizations,50000,139.03744117647062,8.630768732840263,Short-term (3-6 months),High Risk,Low market share; Inconsistent growth,Ride volume; Revenue growth; Customer satisfaction,Sustained growth rate >15%; Increased driver supply by 25%; Reduced customer wait time by 20%,Additional drivers; Marketing budget; Management oversight,Medium Growth,"{'growth_index': 63.647543585176, 'volume_index': 90.41095890410958, 'revenue': 387013.0, 'market_share': 0.5720000000000001}"
Maidan Garhi,71.18181818181819,High Priority,Moderate Growth Investment,Moderate growth - maintain current operations with minor optimizations,50000,102.07771999999997,11.755748463033857,Short-term (3-6 months),Medium Risk,Low market share; Negative recent growth,Ride volume; Revenue growth; Customer satisfaction,Sustained growth rate >15%; Increased driver supply by 25%; Reduced customer wait time by 20%,Additional drivers; Marketing budget; Management oversight,Medium Growth,"{'growth_index': 63.57267203925937, 'volume_index': 86.9336143308746, 'revenue': 388611.0, 'market_share': 0.5499999999999999}"
Patel Chowk,71.18181818181819,High Priority,Moderate Growth Investment,Moderate growth - maintain current operations with minor optimizations,50000,230.7160615384616,5.201198356101245,Short-term (3-6 months),High Risk,Low market share,Ride volume; Revenue growth; Customer satisfaction,Sustained growth rate >15%; Increased driver supply by 25%; Reduced customer wait time by 20%,Additional drivers; Marketing budget; Management oversight,Medium Growth,"{'growth_index': 62.922588694851, 'volume_index': 89.98946259220232, 'revenue': 394432.0, 'market_share': 0.5693333333333334}"
Peeragarhi,69.81818181818181,Medium-High Priority,Moderate Growth Investment,Moderate growth - maintain current operations with minor optimizations,50000,116.6283600000001,10.289092635787718,Short-term (3-6 months),High Risk,Low market share; Inconsistent growth; Negative recent growth,Ride volume; Revenue growth; Customer satisfaction,Sustained growth rate >15%; Increased driver supply by 25%; Reduced customer wait time by 20%,Additional drivers; Marketing budget; Management oversight,Medium Growth,"{'growth_index': 62.81814527494674, 'volume_index': 90.72708113804003, 'revenue': 416593.0, 'market_share': 0.5740000000000001}"
Shivaji Park,71.18181818181819,High Priority,Moderate Growth Investment,Moderate growth - maintain current operations with minor optimizations,50000,128.769,9.31901311651096,Short-term (3-6 months),Medium Risk,Low market share,Ride volume; Revenue growth; Customer satisfaction,Sustained growth rate >15%; Increased driver supply by 25%; Reduced customer wait time by 20%,Additional drivers; Marketing budget; Management oversight,Medium Growth,"{'growth_index': 62.59397173045065, 'volume_index': 94.83667017913592, 'revenue': 430624.0, 'market_share': 0.6}"
Vatika Chowk,69.81818181818181,Medium-High Priority,Moderate Growth Investment,Moderate growth - maintain current operations with minor optimizations,50000,95.02756000000005,12.62791552261259,Short-term (3-6 months),High Risk,Low market share; Inconsistent growth,Ride volume; Revenue growth; Customer satisfaction,Sustained growth rate >15%; Increased driver supply by 25%; Reduced customer wait time by 20%,Additional drivers; Marketing budget; Management oversight,Medium Growth,"{'growth_index': 62.45892213893089, 'volume_index': 87.77660695468916, 'revenue': 375053.0, 'market_share': 0.5553333333333333}"
Huda City Centre,71.18181818181819,High Priority,Moderate Growth Investment,Moderate growth - maintain current operations with minor optimizations,50000,158.48649367088592,7.571623121979895,Short-term (3-6 months),High Risk,Low market share,Ride volume; Revenue growth; Customer satisfaction,Sustained growth rate >15%; Increased driver supply by 25%; Reduced customer wait time by 20%,Additional drivers; Marketing budget; Management oversight,Medium Growth,"{'growth_index': 62.3977250795354, 'volume_index': 89.77871443624869, 'revenue': 412534.0, 'market_share': 0.5680000000000001}"
Noida Sector 18,72.54545454545455,High Priority,Moderate Growth Investment,Moderate growth - maintain current operations with minor optimizations,50000,106.66475,11.25020215206992,Short-term (3-6 months),High Risk,High growth volatility; Low market share,Ride volume; Revenue growth; Customer satisfaction,Sustained growth rate >15%; Increased driver supply by 25%; Reduced customer wait time by 20%,Additional drivers; Marketing budget; Management oversight,Medium Growth,"{'growth_index': 62.06348938399147, 'volume_index': 84.19388830347735, 'revenue': 389016.0, 'market_share': 0.5326666666666667}"
Vinobapuri,71.18181818181819,High Priority,Moderate Growth Investment,High volatility - implement risk mitigation strategies,50000,138.2190588235294,8.68187072183797,Short-term (3-6 months),High Risk,High growth volatility; Low market share,Ride volume; Revenue growth; Customer satisfaction,Sustained growth rate >15%; Increased driver supply by 25%; Reduced customer wait time by 20%,Additional drivers; Marketing budget; Management oversight,Medium Growth,"{'growth_index': 61.87747868267207, 'volume_index': 86.72286617492097, 'revenue': 385688.0, 'market_share': 0.5486666666666666}"
Sikanderpur,68.45454545454545,Medium-High Priority,Moderate Growth Investment,Moderate growth - maintain current operations with minor optimizations,50000,103.50356000000005,11.593804116496084,Short-term (3-6 months),High Risk,Low market share; Inconsistent growth; Negative recent growth,Ride volume; Revenue growth; Customer satisfaction,Sustained growth rate >15%; Increased driver supply by 25%; Reduced customer wait time by 20%,Additional drivers; Marketing budget; Management oversight,Medium Growth,"{'growth_index': 61.84237102922942, 'volume_index': 90.09483667017912, 'revenue': 391353.0, 'market_share': 0.5700000000000001}"
IGNOU Road,68.45454545454545,Medium-High Priority,Moderate Growth Investment,Moderate growth - maintain current operations with minor optimizations,50000,247.63950819672132,4.845753445151963,Short-term (3-6 months),High Risk,Low market share; Inconsistent growth,Ride volume; Revenue growth; Customer satisfaction,Sustained growth rate >15%; Increased driver supply by 25%; Reduced customer wait time by 20%,Additional drivers; Marketing budget; Management oversight,Medium Growth,"{'growth_index': 61.816516585794304, 'volume_index': 86.19599578503689, 'revenue': 403924.0, 'market_share': 0.5453333333333333}"
AIIMS,68.45454545454545,Medium-High Priority,Moderate Growth Investment,Moderate growth - maintain current operations with minor optimizations,50000,243.7498235294118,4.92308048729809,Short-term (3-6 months),High Risk,Low market share; Inconsistent growth,Ride volume; Revenue growth; Customer satisfaction,Sustained growth rate >15%; Increased driver supply by 25%; Reduced customer wait time by 20%,Additional drivers; Marketing budget; Management oversight,Medium Growth,"{'growth_index': 61.80685197878081, 'volume_index': 96.73340358271864, 'revenue': 449519.0, 'market_share': 0.612}"
Badarpur,71.18181818181819,High Priority,Moderate Growth Investment,Moderate growth - maintain current operations with minor optimizations,50000,133.2173999999999,9.00783231019372,Short-term (3-6 months),Medium Risk,Low market share; Negative recent growth,Ride volume; Revenue growth; Customer satisfaction,Sustained growth rate >15%; Increased driver supply by 25%; Reduced customer wait time by 20%,Additional drivers; Marketing budget; Management oversight,Medium Growth,"{'growth_index': 61.76958861012815, 'volume_index': 97.04952581664912, 'revenue': 448495.0, 'market_share': 0.614}"
Okhla,68.45454545454545,Medium-High Priority,Moderate Growth Investment,Moderate growth - maintain current operations with minor optimizations,50000,112.81624,10.636766479719586,Short-term (3-6 months),High Risk,Low market share; Inconsistent growth; Negative recent growth,Ride volume; Revenue growth; Customer satisfaction,Sustained growth rate >15%; Increased driver supply by 25%; Reduced customer wait time by 20%,Additional drivers; Marketing budget; Management oversight,Medium Growth,"{'growth_index': 61.73519031861705, 'volume_index': 87.14436248682824, 'revenue': 409262.0, 'market_share': 0.5513333333333333}"
Lajpat Nagar,71.18181818181819,High Priority,Moderate Growth Investment,Moderate growth - maintain current operations with minor optimizations,50000,265.3547857142857,4.522247438537139,Short-term (3-6 months),High Risk,High growth volatility; Low market share,Ride volume; Revenue growth; Customer satisfaction,Sustained growth rate >15%; Increased driver supply by 25%; Reduced customer wait time by 20%,Additional drivers; Marketing budget; Management oversight,Medium Growth,"{'growth_index': 61.6785939849046, 'volume_index': 87.03898840885142, 'revenue': 393459.0, 'market_share': 0.5506666666666666}"
Tis Hazari,71.18181818181819,High Priority,Moderate Growth Investment,Moderate growth - maintain current operations with minor optimizations,50000,269.71764406779664,4.449097144339456,Short-term (3-6 months),Medium Risk,Low market share,Ride volume; Revenue growth; Customer satisfaction,Sustained growth rate >15%; Increased driver supply by 25%; Reduced customer wait time by 20%,Additional drivers; Marketing budget; Management oversight,Medium Growth,"{'growth_index': 61.65550386895822, 'volume_index': 88.72497365648051, 'revenue': 407726.0, 'market_share': 0.5613333333333334}"
Greater Noida,71.18181818181819,High Priority,Moderate Growth Investment,Moderate growth - maintain current operations with minor optimizations,50000,130.659,9.184212338989278,Short-term (3-6 months),Medium Risk,Low market share; Negative recent growth,Ride volume; Revenue growth; Customer satisfaction,Sustained growth rate >15%; Increased driver supply by 25%; Reduced customer wait time by 20%,Additional drivers; Marketing budget; Management oversight,Medium Growth,"{'growth_index': 61.45402923857782, 'volume_index': 91.25395152792412, 'revenue': 443575.0, 'market_share': 0.5773333333333334}"
INA Market,69.81818181818181,Medium-High Priority,Moderate Growth Investment,Moderate growth - maintain current operations with minor optimizations,50000,255.69372222222225,4.693114831177144,Short-term (3-6 months),High Risk,Low market share; Inconsistent growth,Ride volume; Revenue growth; Customer satisfaction,Sustained growth rate >15%; Increased driver supply by 25%; Reduced customer wait time by 20%,Additional drivers; Marketing budget; Management oversight,Medium Growth,"{'growth_index': 61.42191164601148, 'volume_index': 88.40885142255004, 'revenue': 391989.0, 'market_share': 0.5593333333333333}"
Sohna Road,71.18181818181819,High Priority,Moderate Growth Investment,Moderate growth - maintain current operations with minor optimizations,50000,188.25588405797095,6.3743027528981555,Short-term (3-6 months),Medium Risk,Low market share,Ride volume; Revenue growth; Customer satisfaction,Sustained growth rate >15%; Increased driver supply by 25%; Reduced customer wait time by 20%,Additional drivers; Marketing budget; Management oversight,Medium Growth,"{'growth_index': 61.36681996290277, 'volume_index': 88.72497365648051, 'revenue': 410096.0, 'market_share': 0.5613333333333334}"
Mansarovar Park,69.81818181818181,Medium-High Priority,Moderate Growth Investment,Moderate growth - maintain current operations with minor optimizations,50000,113.37680000000006,10.58417595134101,Short-term (3-6 months),High Risk,Low market share; Inconsistent growth; Negative recent growth,Ride volume; Revenue growth; Customer satisfaction,Sustained growth rate >15%; Increased driver supply by 25%; Reduced customer wait time by 20%,Additional drivers; Marketing budget; Management oversight,Medium Growth,"{'growth_index': 61.3419604490541, 'volume_index': 92.41306638566913, 'revenue': 410340.0, 'market_share': 0.5846666666666667}"
Anand Vihar,72.54545454545455,High Priority,Moderate Growth Investment,Moderate growth - maintain current operations with minor optimizations,50000,108.57095999999997,11.052679279984263,Short-term (3-6 months),Medium Risk,Low market share; Negative recent growth,Ride volume; Revenue growth; Customer satisfaction,Sustained growth rate >15%; Increased driver supply by 25%; Reduced customer wait time by 20%,Additional drivers; Marketing budget; Management oversight,Medium Growth,"{'growth_index': 61.292138898642975, 'volume_index': 90.5163329820864, 'revenue': 401098.0, 'market_share': 0.5726666666666667}"
Udyog Vihar,69.81818181818181,Medium-High Priority,Moderate Growth Investment,Moderate growth - maintain current operations with minor optimizations,50000,129.98247999999998,9.23201342211658,Short-term (3-6 months),High Risk,Low market share; Inconsistent growth; Negative recent growth,Ride volume; Revenue growth; Customer satisfaction,Sustained growth rate >15%; Increased driver supply by 25%; Reduced customer wait time by 20%,Additional drivers; Marketing budget; Management oversight,Medium Growth,"{'growth_index': 61.23582638388425, 'volume_index': 94.52054794520548, 'revenue': 442274.0, 'market_share': 0.598}"
Basai Dhankot,68.45454545454545,Medium-High Priority,Moderate Growth Investment,Moderate growth - maintain current operations with minor optimizations,50000,121.25843999999995,9.896218358078832,Short-term (3-6 months),High Risk,Low market share; Inconsistent growth,Ride volume; Revenue growth; Customer satisfaction,Sustained growth rate >15%; Increased driver supply by 25%; Reduced customer wait time by 20%,Additional drivers; Marketing budget; Management oversight,Medium Growth,"{'growth_index': 61.10632169027038, 'volume_index': 90.83245521601684, 'revenue': 425497.0, 'market_share': 0.5746666666666667}"
Vidhan Sabha,69.81818181818181,Medium-High Priority,Moderate Growth Investment,Moderate growth - maintain current operations with minor optimizations,50000,99.70599999999999,12.035384029045396,Short-term (3-6 months),High Risk,Low market share; Inconsistent growth; Negative recent growth,Ride volume; Revenue growth; Customer satisfaction,Sustained growth rate >15%; Increased driver supply by 25%; Reduced customer wait time by 20%,Additional drivers; Marketing budget; Management oversight,Medium Growth,"{'growth_index': 61.03841506485479, 'volume_index': 86.9336143308746, 'revenue': 384050.0, 'market_share': 0.5499999999999999}"
MG Road,72.54545454545455,High Priority,Moderate Growth Investment,Moderate growth - maintain current operations with minor optimizations,50000,117.10898412698425,10.246865421518896,Short-term (3-6 months),Medium Risk,Low market share,Ride volume; Revenue growth; Customer satisfaction,Sustained growth rate >15%; Increased driver supply by 25%; Reduced customer wait time by 20%,Additional drivers; Marketing budget; Management oversight,Medium Growth,"{'growth_index': 60.99703954420491, 'volume_index': 86.40674394099051, 'revenue': 385292.0, 'market_share': 0.5466666666666666}"
Jasola,69.81818181818181,Medium-High Priority,Moderate Growth Investment,Moderate growth - maintain current operations with minor optimizations,50000,231.64921875000002,5.180246264050911,Short-term (3-6 months),High Risk,Low market share; Inconsistent growth,Ride volume; Revenue growth; Customer satisfaction,Sustained growth rate >15%; Increased driver supply by 25%; Reduced customer wait time by 20%,Additional drivers; Marketing budget; Management oversight,Medium Growth,"{'growth_index': 60.88215665858354, 'volume_index': 93.4668071654373, 'revenue': 424511.0, 'market_share': 0.5913333333333333}"
Tughlakabad,71.18181818181819,High Priority,Moderate Growth Investment,Moderate growth - maintain current operations with minor optimizations,50000,214.2858333333335,5.599996888890613,Short-term (3-6 months),Medium Risk,Low market share,Ride volume; Revenue growth; Customer satisfaction,Sustained growth rate >15%; Increased driver supply by 25%; Reduced customer wait time by 20%,Additional drivers; Marketing budget; Management oversight,Medium Growth,"{'growth_index': 60.87296981055242, 'volume_index': 91.5700737618546, 'revenue': 435165.0, 'market_share': 0.5793333333333334}"
Ashram,71.18181818181819,High Priority,Moderate Growth Investment,Moderate growth - maintain current operations with minor optimizations,50000,175.61881159420287,6.832980983681885,Short-term (3-6 months),High Risk,High growth volatility; Low market share,Ride volume; Revenue growth; Customer satisfaction,Sustained growth rate >15%; Increased driver supply by 25%; Reduced customer wait time by 20%,Additional drivers; Marketing budget; Management oversight,Medium Growth,"{'growth_index': 60.87046859049137, 'volume_index': 92.09694415173868, 'revenue': 427364.0, 'market_share': 0.5826666666666667}"
Ambience Mall,68.45454545454545,Medium-High Priority,Moderate Growth Investment,Moderate growth - maintain current operations with minor optimizations,50000,151.9246470588236,7.898652544082415,Short-term (3-6 months),High Risk,Low market share; Inconsistent growth,Ride volume; Revenue growth; Customer satisfaction,Sustained growth rate >15%; Increased driver supply by 25%; Reduced customer wait time by 20%,Additional drivers; Marketing budget; Management oversight,Medium Growth,"{'growth_index': 60.86686816545193, 'volume_index': 91.99157007376184, 'revenue': 407878.0, 'market_share': 0.582}"
Civil Lines Gurgaon,67.0909090909091,Medium-High Priority,Moderate Growth Investment,Moderate growth - maintain current operations with minor optimizations,50000,153.61786619718302,7.811591383906393,Short-term (3-6 months),High Risk,Low market share; Inconsistent growth,Ride volume; Revenue growth; Customer satisfaction,Sustained growth rate >15%; Increased driver supply by 25%; Reduced customer wait time by 20%,Additional drivers; Marketing budget; Management oversight,Medium Growth,"{'growth_index': 60.67111291164122, 'volume_index': 90.93782929399369, 'revenue': 413951.0, 'market_share': 0.5753333333333334}"
Preet Vihar,71.18181818181819,High Priority,Moderate Growth Investment,Moderate growth - maintain current operations with minor optimizations,50000,112.51974603174604,10.664794778877612,Short-term (3-6 months),Medium Risk,Low market share,Ride volume; Revenue growth; Customer satisfaction,Sustained growth rate >15%; Increased driver supply by 25%; Reduced customer wait time by 20%,Additional drivers; Marketing budget; Management oversight,Medium Growth,"{'growth_index': 60.55881403601921, 'volume_index': 87.67123287671232, 'revenue': 399664.0, 'market_share': 0.5546666666666666}"
RK Puram,69.81818181818181,Medium-High Priority,Moderate Growth Investment,Moderate growth - maintain current operations with minor optimizations,50000,110.95828000000003,10.81487564515239,Short-term (3-6 months),High Risk,Low market share; Inconsistent growth; Negative recent growth,Ride volume; Revenue growth; Customer satisfaction,Sustained growth rate >15%; Increased driver supply by 25%; Reduced customer wait time by 20%,Additional drivers; Marketing budget; Management oversight,Medium Growth,"{'growth_index': 60.47999424911508, 'volume_index': 89.56796628029505, 'revenue': 405689.0, 'market_share': 0.5666666666666667}"
Nawada,69.81818181818181,Medium-High Priority,Moderate Growth Investment,Moderate growth - maintain current operations with minor optimizations,50000,242.2604098360655,4.953347518944695,Short-term (3-6 months),High Risk,Low market share; Inconsistent growth,Ride volume; Revenue growth; Customer satisfaction,Sustained growth rate >15%; Increased driver supply by 25%; Reduced customer wait time by 20%,Additional drivers; Marketing budget; Management oversight,Medium Growth,"{'growth_index': 60.456889805279225, 'volume_index': 92.72918861959958, 'revenue': 397674.0, 'market_share': 0.5866666666666667}"
Samaypur Badli,71.18181818181819,High Priority,Moderate Growth Investment,Moderate growth - maintain current operations with minor optimizations,50000,208.06474590163933,5.767435491293123,Short-term (3-6 months),Medium Risk,Low market share,Ride volume; Revenue growth; Customer satisfaction,Sustained growth rate >15%; Increased driver supply by 25%; Reduced customer wait time by 20%,Additional drivers; Marketing budget; Management oversight,Medium Growth,"{'growth_index': 60.30989562690267, 'volume_index': 92.62381454162276, 'revenue': 422291.0, 'market_share': 0.586}"
Keshav Puram,69.81818181818181,Medium-High Priority,Moderate Growth Investment,Moderate growth - maintain current operations with minor optimizations,50000,164.6111176470588,7.289908586690416,Short-term (3-6 months),High Risk,Low market share; Inconsistent growth,Ride volume; Revenue growth; Customer satisfaction,Sustained growth rate >15%; Increased driver supply by 25%; Reduced customer wait time by 20%,Additional drivers; Marketing budget; Management oversight,Medium Growth,"{'growth_index': 60.30707555734847, 'volume_index': 91.14857744994733, 'revenue': 428418.0, 'market_share': 0.5766666666666667}"
Khandsa,69.81818181818181,Medium-High Priority,Moderate Growth Investment,Moderate growth - maintain current operations with minor optimizations,50000,137.8063999999999,8.707868429913276,Short-term (3-6 months),High Risk,Low market share; Inconsistent growth; Negative recent growth,Ride volume; Revenue growth; Customer satisfaction,Sustained growth rate >15%; Increased driver supply by 25%; Reduced customer wait time by 20%,Additional drivers; Marketing budget; Management oversight,Medium Growth,"{'growth_index': 60.02316608306317, 'volume_index': 100.0, 'revenue': 457320.0, 'market_share': 0.6326666666666667}"
Arjangarh,58.45454545454545,Medium Priority,Maintenance & Improvement,Strong presence - optimize pricing and improve service quality,50000,114.48521126760565,10.481703153737797,Medium-term (6-12 months),High Risk,Low market share; Inconsistent growth,Ride volume; Revenue growth; Customer satisfaction,Maintain current growth rate; Improve operational efficiency; Enhance customer experience,Standard operational resources,Stable,"{'growth_index': 59.93501884451453, 'volume_index': 85.35300316122235, 'revenue': 406092.0, 'market_share': 0.54}"
Indraprastha,59.81818181818182,Medium Priority,Maintenance & Improvement,Strong presence - optimize pricing and improve service quality,50000,132.6085820895524,9.049188077357039,Medium-term (6-12 months),High Risk,Low market share; Inconsistent growth,Ride volume; Revenue growth; Customer satisfaction,Maintain current growth rate; Improve operational efficiency; Enhance customer experience,Standard operational resources,Stable,"{'growth_index': 59.906359211820686, 'volume_index': 89.56796628029505, 'revenue': 415594.0, 'market_share': 0.5666666666666667}"
Greater Kailash,59.81818181818182,Medium Priority,Maintenance & Improvement,Strong presence - optimize pricing and improve service quality,50000,116.19936,10.327079254137029,Medium-term (6-12 months),High Risk,Low market share; Inconsistent growth; Negative recent growth,Ride volume; Revenue growth; Customer satisfaction,Maintain current growth rate; Improve operational efficiency; Enhance customer experience,Standard operational resources,Stable,"{'growth_index': 59.84263696826237, 'volume_index': 94.30979978925184, 'revenue': 415768.0, 'market_share': 0.5966666666666667}"
Ramesh Nagar,61.18181818181818,Medium-High Priority,Optimization Investment,Strong presence - optimize pricing and improve service quality,50000,108.66456000000007,11.043158873509443,Short-term (3-6 months),Medium Risk,Low market share; Negative recent growth,Ride volume; Revenue growth; Customer satisfaction,10% cost reduction; 5% efficiency improvement; Higher customer ratings,Process improvement team; Training resources; Technology upgrades,Stable,"{'growth_index': 59.791846405345, 'volume_index': 85.45837723919915, 'revenue': 401278.0, 'market_share': 0.5406666666666666}"
Rajiv Chowk,59.81818181818182,Medium Priority,Maintenance & Improvement,Strong presence - optimize pricing and improve service quality,50000,193.1076875,6.214149294289489,Medium-term (6-12 months),High Risk,Low market share; Inconsistent growth,Ride volume; Revenue growth; Customer satisfaction,Maintain current growth rate; Improve operational efficiency; Enhance customer experience,Standard operational resources,Stable,"{'growth_index': 59.74803801508215, 'volume_index': 87.46048472075869, 'revenue': 407802.0, 'market_share': 0.5533333333333333}"
Dilshad Garden,61.18181818181818,Medium-High Priority,Optimization Investment,Strong presence - optimize pricing and improve service quality,50000,122.26815384615375,9.814493490348461,Short-term (3-6 months),Medium Risk,Low market share,Ride volume; Revenue growth; Customer satisfaction,10% cost reduction; 5% efficiency improvement; Higher customer ratings,Process improvement team; Training resources; Technology upgrades,Stable,"{'growth_index': 59.68927361654346, 'volume_index': 84.72075869336143, 'revenue': 395820.0, 'market_share': 0.536}"
Bahadurgarh,61.18181818181818,Medium-High Priority,Optimization Investment,Strong presence - optimize pricing and improve service quality,50000,97.76744000000006,12.274024971912931,Short-term (3-6 months),Medium Risk,Low market share; Negative recent growth,Ride volume; Revenue growth; Customer satisfaction,10% cost reduction; 5% efficiency improvement; Higher customer ratings,Process improvement team; Training resources; Technology upgrades,Stable,"{'growth_index': 59.60585308204821, 'volume_index': 84.5100105374078, 'revenue': 380322.0, 'market_share': 0.5346666666666666}"
Old Gurgaon,59.81818181818182,Medium Priority,Maintenance & Improvement,Strong presence - optimize pricing and improve service quality,50000,148.85319230769224,8.061634294812418,Medium-term (6-12 months),High Risk,Low market share; Inconsistent growth,Ride volume; Revenue growth; Customer satisfaction,Maintain current growth rate; Improve operational efficiency; Enhance customer experience,Standard operational resources,Stable,"{'growth_index': 59.47237716004357, 'volume_index': 85.03688092729189, 'revenue': 380599.0, 'market_share': 0.538}"
Golf Course Road,61.18181818181818,Medium-High Priority,Optimization Investment,Strong presence - optimize pricing and improve service quality,50000,101.50988000000001,11.821509393962438,Short-term (3-6 months),High Risk,Low market share; Negative recent growth,Ride volume; Revenue growth; Customer satisfaction,10% cost reduction; 5% efficiency improvement; Higher customer ratings,Process improvement team; Training resources; Technology upgrades,Stable,"{'growth_index': 59.36650092982703, 'volume_index': 86.19599578503689, 'revenue': 387519.0, 'market_share': 0.5453333333333333}"
Madipur,58.45454545454545,Medium Priority,Maintenance & Improvement,Strong presence - optimize pricing and improve service quality,50000,174.9205,6.860259374973202,Medium-term (6-12 months),High Risk,Low market share; Inconsistent growth,Ride volume; Revenue growth; Customer satisfaction,Maintain current growth rate; Improve operational efficiency; Enhance customer experience,Standard operational resources,Stable,"{'growth_index': 58.991071502186784, 'volume_index': 96.83877766069548, 'revenue': 434085.0, 'market_share': 0.6126666666666667}"
Indirapuram,59.81818181818182,Medium Priority,Maintenance & Improvement,Strong presence - optimize pricing and improve service quality,50000,113.382,10.583690532888818,Medium-term (6-12 months),High Risk,Low market share; Inconsistent growth; Negative recent growth,Ride volume; Revenue growth; Customer satisfaction,Maintain current growth rate; Improve operational efficiency; Enhance customer experience,Standard operational resources,Stable,"{'growth_index': 58.8398745686192, 'volume_index': 89.98946259220232, 'revenue': 410350.0, 'market_share': 0.5693333333333334}"
Chandni Chowk,59.81818181818182,Medium Priority,Maintenance & Improvement,Strong presence - optimize pricing and improve service quality,50000,109.94583999999996,10.914464794666177,Medium-term (6-12 months),High Risk,Low market share; Inconsistent growth; Negative recent growth,Ride volume; Revenue growth; Customer satisfaction,Maintain current growth rate; Improve operational efficiency; Enhance customer experience,Standard operational resources,Stable,"{'growth_index': 58.795932790842734, 'volume_index': 90.83245521601684, 'revenue': 403742.0, 'market_share': 0.5746666666666667}"
Connaught Place,58.45454545454545,Medium Priority,Maintenance & Improvement,Strong presence - optimize pricing and improve service quality,50000,111.34776000000002,10.777046615037426,Medium-term (6-12 months),High Risk,Low market share; Inconsistent growth; Negative recent growth,Ride volume; Revenue growth; Customer satisfaction,Maintain current growth rate; Improve operational efficiency; Enhance customer experience,Standard operational resources,Stable,"{'growth_index': 58.682518880067335, 'volume_index': 88.19810326659642, 'revenue': 406438.0, 'market_share': 0.5579999999999999}"
Chirag Delhi,59.81818181818182,Medium Priority,Maintenance & Improvement,Strong presence - optimize pricing and improve service quality,50000,97.99468000000006,12.24556271830266,Medium-term (6-12 months),High Risk,Low market share; Inconsistent growth,Ride volume; Revenue growth; Customer satisfaction,Maintain current growth rate; Improve operational efficiency; Enhance customer experience,Standard operational resources,Stable,"{'growth_index': 58.63598442044452, 'volume_index': 84.29926238145417, 'revenue': 380759.0, 'market_share': 0.5333333333333333}"
IGI Airport,58.45454545454545,Medium Priority,Maintenance & Improvement,Strong presence - optimize pricing and improve service quality,50000,113.77459999999996,10.547169579150356,Medium-term (6-12 months),High Risk,Low market share; Inconsistent growth; Negative recent growth,Ride volume; Revenue growth; Customer satisfaction,Maintain current growth rate; Improve operational efficiency; Enhance customer experience,Standard operational resources,Stable,"{'growth_index': 58.49113295968888, 'volume_index': 92.62381454162276, 'revenue': 411105.0, 'market_share': 0.586}"
Narsinghpur,61.18181818181818,Medium-High Priority,Optimization Investment,Strong presence - optimize pricing and improve service quality,50000,100.64511999999999,11.92308181459767,Short-term (3-6 months),Medium Risk,Low market share,Ride volume; Revenue growth; Customer satisfaction,10% cost reduction; 5% efficiency improvement; Higher customer ratings,Process improvement team; Training resources; Technology upgrades,Stable,"{'growth_index': 58.379360452342965, 'volume_index': 88.40885142255004, 'revenue': 385856.0, 'market_share': 0.5593333333333333}"
Rithala,58.45454545454545,Medium Priority,Maintenance & Improvement,Strong presence - optimize pricing and improve service quality,50000,121.61204000000004,9.867444045836248,Medium-term (6-12 months),High Risk,Low market share; Inconsistent growth; Negative recent growth,Ride volume; Revenue growth; Customer satisfaction,Maintain current growth rate; Improve operational efficiency; Enhance customer experience,Standard operational resources,Stable,"{'growth_index': 58.3126506705119, 'volume_index': 91.88619599578504, 'revenue': 426177.0, 'market_share': 0.5813333333333334}"
Pragati Maidan,61.18181818181818,Medium-High Priority,Optimization Investment,Strong presence - optimize pricing and improve service quality,50000,180.52155072463768,6.647405781653434,Short-term (3-6 months),Medium Risk,Low market share,Ride volume; Revenue growth; Customer satisfaction,10% cost reduction; 5% efficiency improvement; Higher customer ratings,Process improvement team; Training resources; Technology upgrades,Stable,"{'growth_index': 58.147689662145154, 'volume_index': 96.94415173867228, 'revenue': 434966.0, 'market_share': 0.6133333333333334}"
Hero Honda Chowk,61.18181818181818,Medium-High Priority,Optimization Investment,Strong presence - optimize pricing and improve service quality,50000,116.02880000000005,10.342259852726215,Short-term (3-6 months),Medium Risk,Low market share,Ride volume; Revenue growth; Customer satisfaction,10% cost reduction; 5% efficiency improvement; Higher customer ratings,Process improvement team; Training resources; Technology upgrades,Stable,"{'growth_index': 58.13934258155057, 'volume_index': 90.30558482613276, 'revenue': 415440.0, 'market_share': 0.5713333333333334}"
Sultanpur,59.81818181818182,Medium Priority,Selective Growth Investment,Strong presence - optimize pricing and improve service quality; High volatility - implement risk mitigation strategies,50000,121.46035294117638,9.879767108705535,Medium-term (6-12 months),High Risk,High growth volatility; Low market share; Inconsistent growth,Ride volume; Revenue growth; Customer satisfaction,Sustained growth rate >15%; Increased driver supply by 25%; Reduced customer wait time by 20%,Additional drivers; Marketing budget; Management oversight,Stable,"{'growth_index': 57.980188218348616, 'volume_index': 89.2518440463646, 'revenue': 418314.0, 'market_share': 0.5646666666666667}"
Seelampur,59.81818181818182,Medium Priority,Selective Growth Investment,Strong presence - optimize pricing and improve service quality; High volatility - implement risk mitigation strategies,50000,103.79528000000002,11.561219354097794,Medium-term (6-12 months),High Risk,High growth volatility; Low market share; Inconsistent growth; Negative recent growth,Ride volume; Revenue growth; Customer satisfaction,Sustained growth rate >15%; Increased driver supply by 25%; Reduced customer wait time by 20%,Additional drivers; Marketing budget; Management oversight,Stable,"{'growth_index': 57.89118420011957, 'volume_index': 87.67123287671232, 'revenue': 391914.0, 'market_share': 0.5546666666666666}"
Yamuna Bank,61.18181818181818,Medium-High Priority,Optimization Investment,Strong presence - optimize pricing and improve service quality,50000,119.74907246376807,10.020954445079969,Short-term (3-6 months),Medium Risk,Low market share,Ride volume; Revenue growth; Customer satisfaction,10% cost reduction; 5% efficiency improvement; Higher customer ratings,Process improvement team; Training resources; Technology upgrades,Stable,"{'growth_index': 57.83682268932357, 'volume_index': 86.82824025289779, 'revenue': 393836.0, 'market_share': 0.5493333333333333}"
Gurgaon Sector 29,61.18181818181818,Medium-High Priority,Optimization Investment,Strong presence - optimize pricing and improve service quality,50000,124.21201428571436,9.66090121717004,Short-term (3-6 months),Medium Risk,Low market share,Ride volume; Revenue growth; Customer satisfaction,10% cost reduction; 5% efficiency improvement; Higher customer ratings,Process improvement team; Training resources; Technology upgrades,Stable,"{'growth_index': 57.80205151655815, 'volume_index': 86.82824025289779, 'revenue': 382801.0, 'market_share': 0.5493333333333333}"
New Colony,59.81818181818182,Medium Priority,Maintenance & Improvement,Strong presence - optimize pricing and improve service quality,50000,123.24119999999996,9.737003534532285,Medium-term (6-12 months),High Risk,Low market share; Inconsistent growth; Negative recent growth,Ride volume; Revenue growth; Customer satisfaction,Maintain current growth rate; Improve operational efficiency; Enhance customer experience,Standard operational resources,Stable,"{'growth_index': 57.800807463946725, 'volume_index': 92.8345626975764, 'revenue': 429310.0, 'market_share': 0.5873333333333334}"
Model Town,58.45454545454545,Medium Priority,Maintenance & Improvement,Strong presence - optimize pricing and improve service quality,50000,121.27958823529399,9.894492696263821,Medium-term (6-12 months),High Risk,Low market share; Inconsistent growth,Ride volume; Revenue growth; Customer satisfaction,Maintain current growth rate; Improve operational efficiency; Enhance customer experience,Standard operational resources,Stable,"{'growth_index': 57.7988943943395, 'volume_index': 91.35932560590096, 'revenue': 395974.0, 'market_share': 0.5780000000000001}"
Kashmere Gate ISBT,59.81818181818182,Medium Priority,Maintenance & Improvement,Strong presence - optimize pricing and improve service quality,50000,109.07276000000002,11.001830337840538,Medium-term (6-12 months),High Risk,Low market share; Inconsistent growth; Negative recent growth,Ride volume; Revenue growth; Customer satisfaction,Maintain current growth rate; Improve operational efficiency; Enhance customer experience,Standard operational resources,Stable,"{'growth_index': 57.25834931597128, 'volume_index': 88.30347734457324, 'revenue': 402063.0, 'market_share': 0.5586666666666666}"
Tagore Garden,58.45454545454545,Medium Priority,Maintenance & Improvement,Strong presence - optimize pricing and improve service quality,50000,126.43088000000012,9.491352112711697,Medium-term (6-12 months),High Risk,Low market share; Inconsistent growth; Negative recent growth,Ride volume; Revenue growth; Customer satisfaction,Maintain current growth rate; Improve operational efficiency; Enhance customer experience,Standard operational resources,Stable,"{'growth_index': 57.23717563004505, 'volume_index': 93.67755532139094, 'revenue': 435444.0, 'market_share': 0.5926666666666667}"
Bhiwadi,59.81818181818182,Medium Priority,Maintenance & Improvement,Strong presence - optimize pricing and improve service quality,50000,152.2723823529412,7.880614865659659,Medium-term (6-12 months),High Risk,High growth volatility; Low market share; Inconsistent growth,Ride volume; Revenue growth; Customer satisfaction,Maintain current growth rate; Improve operational efficiency; Enhance customer experience,Standard operational resources,Stable,"{'growth_index': 57.2105227416023, 'volume_index': 89.35721812434141, 'revenue': 408441.0, 'market_share': 0.5653333333333334}"
Kalkaji,59.81818181818182,Medium Priority,Maintenance & Improvement,Strong presence - optimize pricing and improve service quality,50000,100.83752000000001,11.900332336614385,Medium-term (6-12 months),High Risk,Low market share; Inconsistent growth; Negative recent growth,Ride volume; Revenue growth; Customer satisfaction,Maintain current growth rate; Improve operational efficiency; Enhance customer experience,Standard operational resources,Stable,"{'growth_index': 57.20423867727724, 'volume_index': 84.61538461538461, 'revenue': 386226.0, 'market_share': 0.5353333333333333}"
Udyog Vihar Phase 4,61.18181818181818,Medium-High Priority,Optimization Investment,Strong presence - optimize pricing and improve service quality,50000,106.40671999999998,11.277483226623284,Short-term (3-6 months),Medium Risk,Low market share; Negative recent growth,Ride volume; Revenue growth; Customer satisfaction,10% cost reduction; 5% efficiency improvement; Higher customer ratings,Process improvement team; Training resources; Technology upgrades,Stable,"{'growth_index': 57.18559073211813, 'volume_index': 88.30347734457324, 'revenue': 396936.0, 'market_share': 0.5586666666666666}"
Chanakyapuri,59.81818181818182,Medium Priority,Maintenance & Improvement,Strong presence - optimize pricing and improve service quality,50000,114.38819999999996,10.490592561120817,Medium-term (6-12 months),High Risk,Low market share; Inconsistent growth; Negative recent growth,Ride volume; Revenue growth; Customer satisfaction,Maintain current growth rate; Improve operational efficiency; Enhance customer experience,Standard operational resources,Stable,"{'growth_index': 57.1478804640053, 'volume_index': 91.99157007376184, 'revenue': 412285.0, 'market_share': 0.582}"
Gurgaon Sector 56,59.81818181818182,Medium Priority,Maintenance & Improvement,Strong presence - optimize pricing and improve service quality,50000,171.70135714285703,6.988878946376582,Medium-term (6-12 months),High Risk,Low market share; Inconsistent growth,Ride volume; Revenue growth; Customer satisfaction,Maintain current growth rate; Improve operational efficiency; Enhance customer experience,Standard operational resources,Stable,"{'growth_index': 57.14504426478916, 'volume_index': 87.35511064278188, 'revenue': 400402.0, 'market_share': 0.5526666666666666}"
Noida Film City,61.18181818181818,Medium-High Priority,Optimization Investment,Strong presence - optimize pricing and improve service quality,50000,121.56367999999993,9.871369474829987,Short-term (3-6 months),Medium Risk,Low market share; Negative recent growth,Ride volume; Revenue growth; Customer satisfaction,10% cost reduction; 5% efficiency improvement; Higher customer ratings,Process improvement team; Training resources; Technology upgrades,Stable,"{'growth_index': 56.890863298799616, 'volume_index': 93.04531085353004, 'revenue': 426084.0, 'market_share': 0.5886666666666667}"
Akshardham,59.81818181818182,Medium Priority,Maintenance & Improvement,Strong presence - optimize pricing and improve service quality,50000,154.02808730158722,7.790786868958506,Medium-term (6-12 months),High Risk,Low market share; Inconsistent growth,Ride volume; Revenue growth; Customer satisfaction,Maintain current growth rate; Improve operational efficiency; Enhance customer experience,Standard operational resources,Stable,"{'growth_index': 56.76245208209578, 'volume_index': 88.40885142255004, 'revenue': 385633.0, 'market_share': 0.5593333333333333}"
Shahdara,59.81818181818182,Medium Priority,Maintenance & Improvement,Strong presence - optimize pricing and improve service quality,50000,224.70672131147538,5.340294197682809,Medium-term (6-12 months),High Risk,Low market share; Inconsistent growth,Ride volume; Revenue growth; Customer satisfaction,Maintain current growth rate; Improve operational efficiency; Enhance customer experience,Standard operational resources,Stable,"{'growth_index': 56.67784942916423, 'volume_index': 86.40674394099051, 'revenue': 392220.0, 'market_share': 0.5466666666666666}"
Ghitorni,59.81818181818182,Medium Priority,Maintenance & Improvement,Strong presence - optimize pricing and improve service quality,50000,113.63368000000006,10.56024939084961,Medium-term (6-12 months),Medium Risk,Low market share; Inconsistent growth,Ride volume; Revenue growth; Customer satisfaction,Maintain current growth rate; Improve operational efficiency; Enhance customer experience,Standard operational resources,Stable,"{'growth_index': 56.61208273854507, 'volume_index': 90.83245521601684, 'revenue': 410834.0, 'market_share': 0.5746666666666667}"
Noida Extension,58.45454545454545,Medium Priority,Maintenance & Improvement,Strong presence - optimize pricing and improve service quality,50000,108.03328000000003,11.107688297532016,Medium-term (6-12 months),Medium Risk,Low market share; Inconsistent growth; Negative recent growth,Ride volume; Revenue growth; Customer satisfaction,Maintain current growth rate; Improve operational efficiency; Enhance customer experience,Standard operational resources,Stable,"{'growth_index': 56.53039806533396, 'volume_index': 87.14436248682824, 'revenue': 400064.0, 'market_share': 0.5513333333333333}"
Mayur Vihar,59.81818181818182,Medium Priority,Maintenance & Improvement,Strong presence - optimize pricing and improve service quality,50000,146.8557456140353,8.171283969738761,Medium-term (6-12 months),High Risk,Low market share; Inconsistent growth,Ride volume; Revenue growth; Customer satisfaction,Maintain current growth rate; Improve operational efficiency; Enhance customer experience,Standard operational resources,Stable,"{'growth_index': 56.5245483831625, 'volume_index': 91.46469968387775, 'revenue': 432947.0, 'market_share': 0.5786666666666667}"
Lok Kalyan Marg,61.18181818181818,Medium-High Priority,Optimization Investment,Strong presence - optimize pricing and improve service quality,50000,119.0276399999999,10.081691949869803,Short-term (3-6 months),Medium Risk,Low market share; Negative recent growth,Ride volume; Revenue growth; Customer satisfaction,10% cost reduction; 5% efficiency improvement; Higher customer ratings,Process improvement team; Training resources; Technology upgrades,Stable,"{'growth_index': 56.46299463377812, 'volume_index': 92.72918861959958, 'revenue': 421207.0, 'market_share': 0.5866666666666667}"
Anand Vihar ISBT,61.18181818181818,Medium-High Priority,Optimization Investment,Strong presence - optimize pricing and improve service quality,50000,116.81295999999996,10.272832740476746,Short-term (3-6 months),Medium Risk,Low market share; Negative recent growth,Ride volume; Revenue growth; Customer satisfaction,10% cost reduction; 5% efficiency improvement; Higher customer ratings,Process improvement team; Training resources; Technology upgrades,Stable,"{'growth_index': 56.03285694572162, 'volume_index': 87.5658587987355, 'revenue': 416948.0, 'market_share': 0.5539999999999999}"
Subhash Chowk,58.45454545454545,Medium Priority,Maintenance & Improvement,Strong presence - optimize pricing and improve service quality,50000,125.53128000000002,9.559370381629183,Medium-term (6-12 months),High Risk,High growth volatility; Low market share; Inconsistent growth; Negative recent growth,Ride volume; Revenue growth; Customer satisfaction,Maintain current growth rate; Improve operational efficiency; Enhance customer experience,Standard operational resources,Stable,"{'growth_index': 55.9634065944905, 'volume_index': 93.4668071654373, 'revenue': 433714.0, 'market_share': 0.5913333333333333}"
Inderlok,61.18181818181818,Medium-High Priority,Optimization Investment,Strong presence - optimize pricing and improve service quality,50000,128.81871999999996,9.315416268691386,Short-term (3-6 months),High Risk,Low market share; Negative recent growth,Ride volume; Revenue growth; Customer satisfaction,10% cost reduction; 5% efficiency improvement; Higher customer ratings,Process improvement team; Training resources; Technology upgrades,Stable,"{'growth_index': 55.911788861955486, 'volume_index': 93.4668071654373, 'revenue': 440036.0, 'market_share': 0.5913333333333333}"
Moti Nagar,58.45454545454545,Medium Priority,Maintenance & Improvement,Strong presence - optimize pricing and improve service quality,50000,105.41144000000007,11.383963638102271,Medium-term (6-12 months),High Risk,Low market share; Inconsistent growth; Negative recent growth,Ride volume; Revenue growth; Customer satisfaction,Maintain current growth rate; Improve operational efficiency; Enhance customer experience,Standard operational resources,Stable,"{'growth_index': 55.77483939186624, 'volume_index': 89.8840885142255, 'revenue': 395022.0, 'market_share': 0.5686666666666667}"
Punjabi Bagh,59.81818181818182,Medium Priority,Maintenance & Improvement,Strong presence - optimize pricing and improve service quality,50000,119.69063999999989,10.0258466326189,Medium-term (6-12 months),High Risk,Low market share; Inconsistent growth; Negative recent growth,Ride volume; Revenue growth; Customer satisfaction,Maintain current growth rate; Improve operational efficiency; Enhance customer experience,Standard operational resources,Stable,"{'growth_index': 55.694707200853934, 'volume_index': 91.46469968387775, 'revenue': 422482.0, 'market_share': 0.5786666666666667}"
Dwarka Sector 21,59.81818181818182,Medium Priority,Maintenance & Improvement,Strong presence - optimize pricing and improve service quality,50000,127.851,9.385925804256518,Medium-term (6-12 months),High Risk,High growth volatility; Low market share; Inconsistent growth; Negative recent growth,Ride volume; Revenue growth; Customer satisfaction,Maintain current growth rate; Improve operational efficiency; Enhance customer experience,Standard operational resources,Stable,"{'growth_index': 55.53810839772415, 'volume_index': 96.31190727081136, 'revenue': 438175.0, 'market_share': 0.6093333333333334}"
GTB Nagar,58.45454545454545,Medium Priority,Maintenance & Improvement,Strong presence - optimize pricing and improve service quality,50000,115.01999999999998,10.432968179447053,Medium-term (6-12 months),High Risk,Low market share; Inconsistent growth; Negative recent growth,Ride volume; Revenue growth; Customer satisfaction,Maintain current growth rate; Improve operational efficiency; Enhance customer experience,Standard operational resources,Stable,"{'growth_index': 55.21162653545382, 'volume_index': 91.88619599578504, 'revenue': 413500.0, 'market_share': 0.5813333333333334}"
Netaji Subhash Place,61.18181818181818,Medium-High Priority,Optimization Investment,Strong presence - optimize pricing and improve service quality,50000,118.7230625,10.107555977171664,Short-term (3-6 months),High Risk,High growth volatility; Low market share,Ride volume; Revenue growth; Customer satisfaction,10% cost reduction; 5% efficiency improvement; Higher customer ratings,Process improvement team; Training resources; Technology upgrades,Stable,"{'growth_index': 55.11622450996742, 'volume_index': 87.46048472075869, 'revenue': 388841.0, 'market_share': 0.5533333333333333}"
Ghitorni Village,61.18181818181818,Medium-High Priority,Optimization Investment,Strong presence - optimize pricing and improve service quality,50000,92.01988000000001,13.040660344264738,Short-term (3-6 months),Medium Risk,Low market share; Negative recent growth,Ride volume; Revenue growth; Customer satisfaction,10% cost reduction; 5% efficiency improvement; Higher customer ratings,Process improvement team; Training resources; Technology upgrades,Stable,"{'growth_index': 55.10405213793533, 'volume_index': 83.245521601686, 'revenue': 369269.0, 'market_share': 0.5266666666666667}"
South Extension,59.81818181818182,Medium Priority,Maintenance & Improvement,Strong presence - optimize pricing and improve service quality,50000,107.06868000000004,11.207759355957311,Medium-term (6-12 months),High Risk,Low market share; Inconsistent growth; Negative recent growth,Ride volume; Revenue growth; Customer satisfaction,Maintain current growth rate; Improve operational efficiency; Enhance customer experience,Standard operational resources,Stable,"{'growth_index': 54.957562922395965, 'volume_index': 88.93572181243414, 'revenue': 398209.0, 'market_share': 0.5626666666666666}"
Janakpuri,59.81818181818182,Medium Priority,Maintenance & Improvement,Strong presence - optimize pricing and improve service quality,50000,109.83507999999995,10.925471170048771,Medium-term (6-12 months),High Risk,Low market share; Inconsistent growth; Negative recent growth,Ride volume; Revenue growth; Customer satisfaction,Maintain current growth rate; Improve operational efficiency; Enhance customer experience,Standard operational resources,Stable,"{'growth_index': 54.91178356227254, 'volume_index': 89.35721812434141, 'revenue': 403529.0, 'market_share': 0.5653333333333334}"
Karol Bagh,61.18181818181818,Medium-High Priority,Optimization Investment,Strong presence - optimize pricing and improve service quality,50000,113.36276000000001,10.585486803602874,Short-term (3-6 months),Medium Risk,Low market share; Negative recent growth,Ride volume; Revenue growth; Customer satisfaction,10% cost reduction; 5% efficiency improvement; Higher customer ratings,Process improvement team; Training resources; Technology upgrades,Stable,"{'growth_index': 54.840420967561904, 'volume_index': 91.5700737618546, 'revenue': 410313.0, 'market_share': 0.5793333333333334}"
Lal Quila,59.81818181818182,Medium Priority,Maintenance & Improvement,Strong presence - optimize pricing and improve service quality,50000,143.2372380952381,8.37770970703947,Medium-term (6-12 months),High Risk,Low market share; Inconsistent growth,Ride volume; Revenue growth; Customer satisfaction,Maintain current growth rate; Improve operational efficiency; Enhance customer experience,Standard operational resources,Stable,"{'growth_index': 54.436948924595285, 'volume_index': 87.14436248682824, 'revenue': 387948.0, 'market_share': 0.5513333333333333}"
Delhi Gate,59.81818181818182,Medium Priority,Maintenance & Improvement,Strong presence - optimize pricing and improve service quality,50000,110.24692000000005,10.884657820826192,Medium-term (6-12 months),High Risk,Low market share; Inconsistent growth; Negative recent growth,Ride volume; Revenue growth; Customer satisfaction,Maintain current growth rate; Improve operational efficiency; Enhance customer experience,Standard operational resources,Stable,"{'growth_index': 54.25113817148866, 'volume_index': 89.98946259220232, 'revenue': 404321.0, 'market_share': 0.5693333333333334}"
Green Park,59.81818181818182,Medium Priority,Maintenance & Improvement,Strong presence - optimize pricing and improve service quality,50000,101.34035999999999,11.841284163584973,Medium-term (6-12 months),High Risk,Low market share; Inconsistent growth,Ride volume; Revenue growth; Customer satisfaction,Maintain current growth rate; Improve operational efficiency; Enhance customer experience,Standard operational resources,Stable,"{'growth_index': 54.23727711198792, 'volume_index': 88.72497365648051, 'revenue': 387193.0, 'market_share': 0.5613333333333334}"
Jor Bagh,61.18181818181818,Medium-High Priority,Optimization Investment,Strong presence - optimize pricing and improve service quality,50000,120.69371999999998,9.942522278706797,Short-term (3-6 months),High Risk,Low market share; Negative recent growth,Ride volume; Revenue growth; Customer satisfaction,10% cost reduction; 5% efficiency improvement; Higher customer ratings,Process improvement team; Training resources; Technology upgrades,Stable,"{'growth_index': 54.235773937244176, 'volume_index': 93.15068493150685, 'revenue': 424411.0, 'market_share': 0.5893333333333334}"
Ashok Vihar,58.45454545454545,Medium Priority,Maintenance & Improvement,Strong presence - optimize pricing and improve service quality,50000,158.61185593220335,7.565638728248189,Medium-term (6-12 months),High Risk,Low market share; Inconsistent growth,Ride volume; Revenue growth; Customer satisfaction,Maintain current growth rate; Improve operational efficiency; Enhance customer experience,Standard operational resources,Stable,"{'growth_index': 54.13049631773992, 'volume_index': 83.8777660695469, 'revenue': 386281.0, 'market_share': 0.5306666666666667}"
Ghaziabad,58.45454545454545,Medium Priority,Maintenance & Improvement,Strong presence - optimize pricing and improve service quality,50000,113.21352000000002,10.599440773504789,Medium-term (6-12 months),High Risk,Low market share; Inconsistent growth; Negative recent growth,Ride volume; Revenue growth; Customer satisfaction,Maintain current growth rate; Improve operational efficiency; Enhance customer experience,Standard operational resources,Stable,"{'growth_index': 54.1124507600893, 'volume_index': 89.67334035827187, 'revenue': 410026.0, 'market_share': 0.5673333333333334}"
India Gate,59.81818181818182,Medium Priority,Maintenance & Improvement,Strong presence - optimize pricing and improve service quality,50000,118.504,10.126240464456895,Medium-term (6-12 months),High Risk,Low market share; Inconsistent growth; Negative recent growth,Ride volume; Revenue growth; Customer satisfaction,Maintain current growth rate; Improve operational efficiency; Enhance customer experience,Standard operational resources,Stable,"{'growth_index': 54.05326145692881, 'volume_index': 91.46469968387775, 'revenue': 420200.0, 'market_share': 0.5786666666666667}"
New Delhi Railway Station,59.81818181818182,Medium Priority,Maintenance & Improvement,Strong presence - optimize pricing and improve service quality,50000,108.34735999999998,11.075489056678446,Medium-term (6-12 months),High Risk,Low market share; Inconsistent growth; Negative recent growth,Ride volume; Revenue growth; Customer satisfaction,Maintain current growth rate; Improve operational efficiency; Enhance customer experience,Standard operational resources,Stable,"{'growth_index': 54.0363035450315, 'volume_index': 89.2518440463646, 'revenue': 400668.0, 'market_share': 0.5646666666666667}"
Kashmere Gate,61.18181818181818,Medium-High Priority,Optimization Investment,Strong presence - optimize pricing and improve service quality,50000,101.80316000000002,11.787453356064777,Short-term (3-6 months),Medium Risk,Low market share; Negative recent growth,Ride volume; Revenue growth; Customer satisfaction,10% cost reduction; 5% efficiency improvement; Higher customer ratings,Process improvement team; Training resources; Technology upgrades,Stable,"{'growth_index': 53.86434691298263, 'volume_index': 87.98735511064278, 'revenue': 388083.0, 'market_share': 0.5566666666666666}"
Subhash Nagar,59.81818181818182,Medium Priority,Maintenance & Improvement,Strong presence - optimize pricing and improve service quality,50000,121.44356000000005,9.88113326058623,Medium-term (6-12 months),High Risk,Low market share; Inconsistent growth; Negative recent growth,Ride volume; Revenue growth; Customer satisfaction,Maintain current growth rate; Improve operational efficiency; Enhance customer experience,Standard operational resources,Stable,"{'growth_index': 53.372173879509816, 'volume_index': 90.72708113804003, 'revenue': 425853.0, 'market_share': 0.5740000000000001}"
Moolchand,58.45454545454545,Medium Priority,Maintenance & Improvement,Strong presence - optimize pricing and improve service quality,50000,105.14416000000004,11.412902057517977,Medium-term (6-12 months),High Risk,Low market share; Inconsistent growth; Negative recent growth,Ride volume; Revenue growth; Customer satisfaction,Maintain current growth rate; Improve operational efficiency; Enhance customer experience,Standard operational resources,Stable,"{'growth_index': 53.371425566326806, 'volume_index': 89.35721812434141, 'revenue': 394508.0, 'market_share': 0.5653333333333334}"
Kanhaiya Nagar,58.45454545454545,Medium Priority,Maintenance & Improvement,Strong presence - optimize pricing and improve service quality,50000,118.8716399999999,10.094922556801615,Medium-term (6-12 months),High Risk,Low market share; Inconsistent growth; Negative recent growth,Ride volume; Revenue growth; Customer satisfaction,Maintain current growth rate; Improve operational efficiency; Enhance customer experience,Standard operational resources,Stable,"{'growth_index': 53.25380196115185, 'volume_index': 94.30979978925184, 'revenue': 420907.0, 'market_share': 0.5966666666666667}"
Barakhamba Road,61.18181818181818,Medium-High Priority,Optimization Investment,Strong presence - optimize pricing and improve service quality,50000,139.40071999999998,8.608276915642904,Short-term (3-6 months),Medium Risk,Low market share; Negative recent growth,Ride volume; Revenue growth; Customer satisfaction,10% cost reduction; 5% efficiency improvement; Higher customer ratings,Process improvement team; Training resources; Technology upgrades,Stable,"{'growth_index': 53.2533134295881, 'volume_index': 99.68387776606956, 'revenue': 460386.0, 'market_share': 0.6306666666666667}"
Cyber Hub,61.18181818181818,Medium-High Priority,Optimization Investment,Strong presence - optimize pricing and improve service quality,50000,113.80424000000001,10.544422597962956,Short-term (3-6 months),Medium Risk,Low market share; Negative recent growth,Ride volume; Revenue growth; Customer satisfaction,10% cost reduction; 5% efficiency improvement; Higher customer ratings,Process improvement team; Training resources; Technology upgrades,Stable,"{'growth_index': 53.054893928318165, 'volume_index': 91.04320337197048, 'revenue': 411162.0, 'market_share': 0.5760000000000001}"
Kirti Nagar,61.18181818181818,Medium-High Priority,Optimization Investment,Strong presence - optimize pricing and improve service quality,50000,104.83840000000002,11.446187656431228,Short-term (3-6 months),Medium Risk,Low market share; Negative recent growth,Ride volume; Revenue growth; Customer satisfaction,10% cost reduction; 5% efficiency improvement; Higher customer ratings,Process improvement team; Training resources; Technology upgrades,Stable,"{'growth_index': 52.60595462857432, 'volume_index': 87.14436248682824, 'revenue': 393920.0, 'market_share': 0.5513333333333333}"
Raj Nagar Extension,62.54545454545455,Medium-High Priority,Optimization Investment,Strong presence - optimize pricing and improve service quality,50000,112.41583999999997,10.674652255411694,Short-term (3-6 months),High Risk,Low market share; Negative recent growth,Ride volume; Revenue growth; Customer satisfaction,10% cost reduction; 5% efficiency improvement; Higher customer ratings,Process improvement team; Training resources; Technology upgrades,Stable,"{'growth_index': 52.53513480754483, 'volume_index': 89.04109589041096, 'revenue': 408492.0, 'market_share': 0.5633333333333334}"
Aya Nagar,59.81818181818182,Medium Priority,Maintenance & Improvement,Strong presence - optimize pricing and improve service quality,50000,113.73247999999998,10.551075646991961,Medium-term (6-12 months),Medium Risk,Low market share; Inconsistent growth; Negative recent growth,Ride volume; Revenue growth; Customer satisfaction,Maintain current growth rate; Improve operational efficiency; Enhance customer experience,Standard operational resources,Stable,"{'growth_index': 52.47739485243308, 'volume_index': 91.6754478398314, 'revenue': 411024.0, 'market_share': 0.58}"
Jama Masjid,59.81818181818182,Medium Priority,Maintenance & Improvement,Strong presence - optimize pricing and improve service quality,50000,117.99388000000013,10.170018987425438,Medium-term (6-12 months),High Risk,Low market share; Inconsistent growth; Negative recent growth,Ride volume; Revenue growth; Customer satisfaction,Maintain current growth rate; Improve operational efficiency; Enhance customer experience,Standard operational resources,Stable,"{'growth_index': 52.34089114207171, 'volume_index': 89.46259220231822, 'revenue': 419219.0, 'market_share': 0.5660000000000001}"
Pulbangash,58.45454545454545,Medium Priority,Maintenance & Improvement,Strong presence - optimize pricing and improve service quality,50000,111.22764000000001,10.78868525844835,Medium-term (6-12 months),High Risk,Low market share; Inconsistent growth; Negative recent growth,Ride volume; Revenue growth; Customer satisfaction,Maintain current growth rate; Improve operational efficiency; Enhance customer experience,Standard operational resources,Stable,"{'growth_index': 51.94412769891976, 'volume_index': 90.62170706006324, 'revenue': 406207.0, 'market_share': 0.5733333333333334}"
Kherki Daula Toll,61.18181818181818,Medium-High Priority,Optimization Investment,Strong presence - optimize pricing and improve service quality,50000,112.73407999999996,10.644518498753886,Short-term (3-6 months),Medium Risk,Low market share; Negative recent growth,Ride volume; Revenue growth; Customer satisfaction,10% cost reduction; 5% efficiency improvement; Higher customer ratings,Process improvement team; Training resources; Technology upgrades,Stable,"{'growth_index': 51.82440942568967, 'volume_index': 86.82824025289779, 'revenue': 409104.0, 'market_share': 0.5493333333333333}"
Vishwavidyalaya,59.81818181818182,Medium Priority,Maintenance & Improvement,Strong presence - optimize pricing and improve service quality,50000,123.76691999999994,9.695644038003051,Medium-term (6-12 months),High Risk,Low market share; Inconsistent growth; Negative recent growth,Ride volume; Revenue growth; Customer satisfaction,Maintain current growth rate; Improve operational efficiency; Enhance customer experience,Standard operational resources,Stable,"{'growth_index': 51.59897518250504, 'volume_index': 94.30979978925184, 'revenue': 430321.0, 'market_share': 0.5966666666666667}"
Tilak Nagar,59.81818181818182,Medium Priority,Maintenance & Improvement,Strong presence - optimize pricing and improve service quality,50000,123.97388000000011,9.679458285890535,Medium-term (6-12 months),High Risk,Low market share; Inconsistent growth; Negative recent growth,Ride volume; Revenue growth; Customer satisfaction,Maintain current growth rate; Improve operational efficiency; Enhance customer experience,Standard operational resources,Stable,"{'growth_index': 51.48738410007637, 'volume_index': 94.83667017913592, 'revenue': 430719.0, 'market_share': 0.6}"
Saidulajab,58.45454545454545,Medium Priority,Maintenance & Improvement,Strong presence - optimize pricing and improve service quality,50000,122.56415999999992,9.790790390926684,Medium-term (6-12 months),High Risk,Low market share; Inconsistent growth; Negative recent growth,Ride volume; Revenue growth; Customer satisfaction,Maintain current growth rate; Improve operational efficiency; Enhance customer experience,Standard operational resources,Stable,"{'growth_index': 51.39520340845729, 'volume_index': 90.83245521601684, 'revenue': 428008.0, 'market_share': 0.5746666666666667}"
Khan Market,58.45454545454545,Medium Priority,Maintenance & Improvement,Strong presence - optimize pricing and improve service quality,50000,107.60428000000002,11.151972765395577,Medium-term (6-12 months),High Risk,Low market share; Inconsistent growth; Negative recent growth,Ride volume; Revenue growth; Customer satisfaction,Maintain current growth rate; Improve operational efficiency; Enhance customer experience,Standard operational resources,Stable,"{'growth_index': 50.45232763776857, 'volume_index': 87.67123287671232, 'revenue': 399239.0, 'market_share': 0.5546666666666666}"
Noida Sector 62,59.81818181818182,Medium Priority,Maintenance & Improvement,Strong presence - optimize pricing and improve service quality,50000,102.33512,11.726179634127561,Medium-term (6-12 months),High Risk,Low market share; Inconsistent growth; Negative recent growth,Ride volume; Revenue growth; Customer satisfaction,Maintain current growth rate; Improve operational efficiency; Enhance customer experience,Standard operational resources,Stable,"{'growth_index': 50.434716671529536, 'volume_index': 87.88198103266596, 'revenue': 389106.0, 'market_share': 0.5559999999999999}"
Badshahpur,59.81818181818182,Medium Priority,Maintenance & Improvement,Strong presence - optimize pricing and improve service quality,50000,117.68447999999998,10.196756615655694,Medium-term (6-12 months),High Risk,Low market share; Inconsistent growth; Negative recent growth,Ride volume; Revenue growth; Customer satisfaction,Maintain current growth rate; Improve operational efficiency; Enhance customer experience,Standard operational resources,Stable,"{'growth_index': 50.40856662967119, 'volume_index': 91.46469968387775, 'revenue': 418624.0, 'market_share': 0.5786666666666667}"
Vasant Kunj,61.18181818181818,Medium-High Priority,Optimization Investment,Strong presence - optimize pricing and improve service quality,50000,114.75999999999999,10.456605088881142,Short-term (3-6 months),High Risk,Low market share; Negative recent growth,Ride volume; Revenue growth; Customer satisfaction,10% cost reduction; 5% efficiency improvement; Higher customer ratings,Process improvement team; Training resources; Technology upgrades,Stable,"{'growth_index': 49.89728546896808, 'volume_index': 91.99157007376184, 'revenue': 413000.0, 'market_share': 0.582}"
Laxmi Nagar,59.81818181818182,Medium Priority,Maintenance & Improvement,Strong presence - optimize pricing and improve service quality,50000,92.76504000000003,12.93590775145464,Medium-term (6-12 months),High Risk,Low market share; Inconsistent growth; Negative recent growth,Ride volume; Revenue growth; Customer satisfaction,Maintain current growth rate; Improve operational efficiency; Enhance customer experience,Standard operational resources,Stable,"{'growth_index': 49.78726485895412, 'volume_index': 83.9831401475237, 'revenue': 370702.0, 'market_share': 0.5313333333333333}"
Nirman Vihar,58.45454545454545,Medium Priority,Maintenance & Improvement,Strong presence - optimize pricing and improve service quality,50000,116.63980000000005,10.28808348436811,Medium-term (6-12 months),High Risk,Low market share; Inconsistent growth; Negative recent growth,Ride volume; Revenue growth; Customer satisfaction,Maintain current growth rate; Improve operational efficiency; Enhance customer experience,Standard operational resources,Stable,"{'growth_index': 49.33674413093989, 'volume_index': 89.14646996838778, 'revenue': 416615.0, 'market_share': 0.5640000000000001}"
Vaishali,58.45454545454545,Medium Priority,Maintenance & Improvement,Strong presence - optimize pricing and improve service quality,50000,109.77788,10.93116391025223,Medium-term (6-12 months),High Risk,High growth volatility; Low market share; Inconsistent growth; Negative recent growth,Ride volume; Revenue growth; Customer satisfaction,Maintain current growth rate; Improve operational efficiency; Enhance customer experience,Standard operational resources,Stable,"{'growth_index': 48.8721095458833, 'volume_index': 91.5700737618546, 'revenue': 403419.0, 'market_share': 0.5793333333333334}"
Sonipat,59.81818181818182,Medium Priority,Maintenance & Improvement,Strong presence - optimize pricing and improve service quality,50000,100.21559999999998,11.97418366002898,Medium-term (6-12 months),High Risk,Low market share; Inconsistent growth; Negative recent growth,Ride volume; Revenue growth; Customer satisfaction,Maintain current growth rate; Improve operational efficiency; Enhance customer experience,Standard operational resources,Stable,"{'growth_index': 48.81839347952543, 'volume_index': 90.30558482613276, 'revenue': 385030.0, 'market_share': 0.5713333333333334}"
Shastri Nagar,59.81818181818182,Medium Priority,Maintenance & Improvement,Strong presence - optimize pricing and improve service quality,50000,121.64999999999999,9.864364981504316,Medium-term (6-12 months),High Risk,Low market share; Inconsistent growth; Negative recent growth,Ride volume; Revenue growth; Customer satisfaction,Maintain current growth rate; Improve operational efficiency; Enhance customer experience,Standard operational resources,Stable,"{'growth_index': 48.71930610893914, 'volume_index': 91.46469968387775, 'revenue': 426250.0, 'market_share': 0.5786666666666667}"
Meerut,58.45454545454545,Medium Priority,Maintenance & Improvement,Strong presence - optimize pricing and improve service quality,50000,103.77344000000006,11.563652510700226,Medium-term (6-12 months),High Risk,Low market share; Inconsistent growth; Negative recent growth,Ride volume; Revenue growth; Customer satisfaction,Maintain current growth rate; Improve operational efficiency; Enhance customer experience,Standard operational resources,Stable,"{'growth_index': 47.85261440169632, 'volume_index': 87.88198103266596, 'revenue': 391872.0, 'market_share': 0.5559999999999999}"
Faridabad Sector 15,61.18181818181818,Medium-High Priority,Optimization Investment,Strong presence - optimize pricing and improve service quality,50000,99.19276,12.097657127395184,Short-term (3-6 months),Medium Risk,Low market share; Negative recent growth,Ride volume; Revenue growth; Customer satisfaction,10% cost reduction; 5% efficiency improvement; Higher customer ratings,Process improvement team; Training resources; Technology upgrades,Stable,"{'growth_index': 47.743636066170815, 'volume_index': 87.5658587987355, 'revenue': 383063.0, 'market_share': 0.5539999999999999}"
IMT Manesar,61.18181818181818,Medium-High Priority,Optimization Investment,Strong presence - optimize pricing and improve service quality,50000,118.51076,10.125662851204396,Short-term (3-6 months),Medium Risk,Low market share; Negative recent growth,Ride volume; Revenue growth; Customer satisfaction,10% cost reduction; 5% efficiency improvement; Higher customer ratings,Process improvement team; Training resources; Technology upgrades,Stable,"{'growth_index': 46.39768721957908, 'volume_index': 88.51422550052686, 'revenue': 420213.0, 'market_share': 0.5599999999999999}"
Palam Vihar,58.45454545454545,Medium Priority,Maintenance & Improvement,Strong presence - optimize pricing and improve service quality,50000,96.67856000000006,12.41226596672519,Medium-term (6-12 months),High Risk,Low market share; Inconsistent growth; Negative recent growth,Ride volume; Revenue growth; Customer satisfaction,Maintain current growth rate; Improve operational efficiency; Enhance customer experience,Standard operational resources,Stable,"{'growth_index': 46.04497118746498, 'volume_index': 86.19599578503689, 'revenue': 378228.0, 'market_share': 0.5453333333333333}"
Jhilmil,59.81818181818182,Medium Priority,Maintenance & Improvement,Strong presence - optimize pricing and improve service quality,50000,105.75568000000004,11.34690827008062,Medium-term (6-12 months),High Risk,Low market share; Inconsistent growth; Negative recent growth,Ride volume; Revenue growth; Customer satisfaction,Maintain current growth rate; Improve operational efficiency; Enhance customer experience,Standard operational resources,Stable,"{'growth_index': 44.106859794858536, 'volume_index': 86.82824025289779, 'revenue': 395684.0, 'market_share': 0.5493333333333333}"
Chhatarpur,58.45454545454545,Medium Priority,Maintenance & Improvement,Strong presence - optimize pricing and improve service quality,50000,101.50312,11.822296693934138,Medium-term (6-12 months),High Risk,Low market share; Inconsistent growth; Negative recent growth,Ride volume; Revenue growth; Customer satisfaction,Maintain current growth rate; Improve operational efficiency; Enhance customer experience,Standard operational resources,Stable,"{'growth_index': 43.86393376883895, 'volume_index': 87.35511064278188, 'revenue': 387506.0, 'market_share': 0.5526666666666666}"
Mandi House,48.45454545454545,Low-Medium Priority,Maintenance & Improvement,Urgent intervention required - analyze root causes,50000,95.43471999999997,12.574040139689208,Medium-term (6-12 months),High Risk,High growth volatility; Low market share; Inconsistent growth; Negative recent growth,Ride volume; Revenue growth; Customer satisfaction,Maintain current growth rate; Improve operational efficiency; Enhance customer experience,Standard operational resources,Declining,"{'growth_index': 36.17179094337885, 'volume_index': 84.29926238145417, 'revenue': 375836.0, 'market_share': 0.5333333333333333}"
